ts,direction,algo,msg_index,net_transit_ms,crypto_ms,payload_bytes,overhead_bytes,throughput_mbps,mem_kb,message_text,detailed_metrics
1774772436.1317294,publisher,ASCON-128a (ascon-c) (Byte Stream),1,,0.4252500002621673,115,64,3.7813,27388.0,...s....ai.SEL_421_SubCFG/LLN0$GO$PIOC...SEL_421_SubCFG/LLN0$PIOC.SEL_421_Sub.i...............,"{""pub_key_deriv_ms"": 0.3198309996150783, ""pub_nonce_ms"": 0.0019930002963519655, ""pub_encrypt_ms"": 0.10131999988516327, ""pub_total_crypto_ms"": 0.4252500002621673, ""pub_cpu_process_ms"": 0.438825, ""pub_peak_memory_bytes"": 20504}"
1774772436.1343782,publisher,ASCON-128a (ascon-c) (Byte Stream),2,,0.1657719994909712,115,64,9.7001,27516.0,...s....ai.SEL_421_SubCFG/LLN0$GO$PIOC...SEL_421_SubCFG/LLN0$PIOC.SEL_421_Sub.i...............,"{""pub_key_deriv_ms"": 0.12324100043770159, ""pub_nonce_ms"": 0.001743999746395275, ""pub_encrypt_ms"": 0.03820199981419137, ""pub_total_crypto_ms"": 0.1657719994909712, ""pub_cpu_process_ms"": 0.17356, ""pub_peak_memory_bytes"": 2649}"
1774772436.1348317,subscriber,ASCON-128a (ascon-c) (Byte Stream),1,0.2768,0.1045,115,,15.3836,23672.0,...s....ai.SEL_421_SubCFG/LLN0$GO$PIOC...SEL_421_SubCFG/LLN0$PIOC.SEL_421_Sub.i...............,"{""sub_nonce_check_ms"": 0.0014329998521134257, ""sub_key_deriv_ms"": 0.08576100026402855, ""sub_decrypt_ms"": 0.01626999983272981, ""sub_total_crypto_ms"": 0.10452699916640995, ""sub_cpu_process_ms"": 0.108466, ""sub_peak_memory_bytes"": 2517}"
1774772436.1389358,publisher,ASCON-128a (ascon-c) (Byte Stream),3,,0.16111300010379637,115,64,9.9806,27516.0,...s....ai.SEL_421_SubCFG/LLN0$GO$PIOC...SEL_421_SubCFG/LLN0$PIOC.SEL_421_Sub.i...............,"{""pub_key_deriv_ms"": 0.12539599993033335, ""pub_nonce_ms"": 0.0016229996617767029, ""pub_encrypt_ms"": 0.031519999538431875, ""pub_total_crypto_ms"": 0.16111300010379637, ""pub_cpu_process_ms"": 0.169612, ""pub_peak_memory_bytes"": 2361}"
1774772436.1394534,subscriber,ASCON-128a (ascon-c) (Byte Stream),2,0.3235,0.1445,115,,11.1310,23672.0,...s....ai.SEL_421_SubCFG/LLN0$GO$PIOC...SEL_421_SubCFG/LLN0$PIOC.SEL_421_Sub.i...............,"{""sub_nonce_check_ms"": 0.0019839999367832206, ""sub_key_deriv_ms"": 0.1142149994848296, ""sub_decrypt_ms"": 0.026470000193512533, ""sub_total_crypto_ms"": 0.1444610006728908, ""sub_cpu_process_ms"": 0.1521, ""sub_peak_memory_bytes"": 2325}"
1774772436.1539273,publisher,ASCON-128a (ascon-c) (Byte Stream),4,,0.42107100034627365,115,64,3.8188,27516.0,...s....ai.SEL_421_SubCFG/LLN0$GO$PIOC...SEL_421_SubCFG/LLN0$PIOC.SEL_421_Sub.i...............,"{""pub_key_deriv_ms"": 0.34939700071845436, ""pub_nonce_ms"": 0.0023539996618637815, ""pub_encrypt_ms"": 0.06650500017713057, ""pub_total_crypto_ms"": 0.42107100034627365, ""pub_cpu_process_ms"": 0.438954, ""pub_peak_memory_bytes"": 2289}"
1774772436.155027,subscriber,ASCON-128a (ascon-c) (Byte Stream),3,0.8469,0.2110,115,,7.6206,23800.0,...s....ai.SEL_421_SubCFG/LLN0$GO$PIOC...SEL_421_SubCFG/LLN0$PIOC.SEL_421_Sub.i...............,"{""sub_nonce_check_ms"": 0.004999000339012127, ""sub_key_deriv_ms"": 0.16731499999877997, ""sub_decrypt_ms"": 0.03596799979277421, ""sub_total_crypto_ms"": 0.2110069999616826, ""sub_cpu_process_ms"": 0.222703, ""sub_peak_memory_bytes"": 2325}"
1774772436.2454636,publisher,ASCON-128a (ascon-c) (Byte Stream),5,,0.29328100026759785,115,64,5.4828,27516.0,...s....ai.SEL_421_SubCFG/LLN0$GO$PIOC...SEL_421_SubCFG/LLN0$PIOC.SEL_421_Sub.i..t...............,"{""pub_key_deriv_ms"": 0.23936999969009776, ""pub_nonce_ms"": 0.0024150003810063936, ""pub_encrypt_ms"": 0.04857099975197343, ""pub_total_crypto_ms"": 0.29328100026759785, ""pub_cpu_process_ms"": 0.307825, ""pub_peak_memory_bytes"": 2289}"
1774772436.245938,subscriber,ASCON-128a (ascon-c) (Byte Stream),4,0.2124,0.1991,115,,8.0750,23800.0,...s....ai.SEL_421_SubCFG/LLN0$GO$PIOC...SEL_421_SubCFG/LLN0$PIOC.SEL_421_Sub.i..t...............,"{""sub_nonce_check_ms"": 0.005931000487180427, ""sub_key_deriv_ms"": 0.15754700052639237, ""sub_decrypt_ms"": 0.03276100051152753, ""sub_total_crypto_ms"": 0.1991339995583985, ""sub_cpu_process_ms"": 0.219608, ""sub_peak_memory_bytes"": 2837}"
1774772436.2490816,publisher,ASCON-128a (ascon-c) (Byte Stream),6,,0.15228699976432836,115,64,10.5590,27516.0,...s....ai.SEL_421_SubCFG/LLN0$GO$PIOC...SEL_421_SubCFG/LLN0$PIOC.SEL_421_Sub.i..t...............,"{""pub_key_deriv_ms"": 0.11845200060633942, ""pub_nonce_ms"": 0.001603000782779418, ""pub_encrypt_ms"": 0.03076799930568086, ""pub_total_crypto_ms"": 0.15228699976432836, ""pub_cpu_process_ms"": 0.159693, ""pub_peak_memory_bytes"": 2289}"
1774772436.2493968,subscriber,ASCON-128a (ascon-c) (Byte Stream),5,0.1240,0.1500,115,,10.7227,23800.0,...s....ai.SEL_421_SubCFG/LLN0$GO$PIOC...SEL_421_SubCFG/LLN0$PIOC.SEL_421_Sub.i..t...............,"{""sub_nonce_check_ms"": 0.0022340000214171596, ""sub_key_deriv_ms"": 0.11717999950633384, ""sub_decrypt_ms"": 0.02867399962269701, ""sub_total_crypto_ms"": 0.1499620002505253, ""sub_cpu_process_ms"": 0.157289, ""sub_peak_memory_bytes"": 2325}"
1774772436.254342,publisher,ASCON-128a (ascon-c) (Byte Stream),7,,0.16471900016767904,115,64,9.7621,27516.0,...s....ai.SEL_421_SubCFG/LLN0$GO$PIOC...SEL_421_SubCFG/LLN0$PIOC.SEL_421_Sub.i..t...............,"{""pub_key_deriv_ms"": 0.12114800028939499, ""pub_nonce_ms"": 0.0012929995136801153, ""pub_encrypt_ms"": 0.040717000047152396, ""pub_total_crypto_ms"": 0.16471900016767904, ""pub_cpu_process_ms"": 0.172709, ""pub_peak_memory_bytes"": 2289}"
1774772436.2547467,subscriber,ASCON-128a (ascon-c) (Byte Stream),6,0.2401,0.1694,115,,9.4935,23800.0,...s....ai.SEL_421_SubCFG/LLN0$GO$PIOC...SEL_421_SubCFG/LLN0$PIOC.SEL_421_Sub.i..t...............,"{""sub_nonce_check_ms"": 0.003266000021540094, ""sub_key_deriv_ms"": 0.13379199936025543, ""sub_decrypt_ms"": 0.03011599983437918, ""sub_total_crypto_ms"": 0.16937899999902584, ""sub_cpu_process_ms"": 0.17887, ""sub_peak_memory_bytes"": 2325}"
1774772436.2634237,publisher,ASCON-128a (ascon-c) (Byte Stream),8,,0.2667419994395459,115,64,6.0283,27516.0,...s....ai.SEL_421_SubCFG/LLN0$GO$PIOC...SEL_421_SubCFG/LLN0$PIOC.SEL_421_Sub.i..t...............,"{""pub_key_deriv_ms"": 0.1755499997670995, ""pub_nonce_ms"": 0.0023749998945277184, ""pub_encrypt_ms"": 0.08597200030635577, ""pub_total_crypto_ms"": 0.2667419994395459, ""pub_cpu_process_ms"": 0.279321, ""pub_peak_memory_bytes"": 2289}"
1774772436.2641058,subscriber,ASCON-128a (ascon-c) (Byte Stream),7,0.3419,0.4137,115,,3.8865,23800.0,...s....ai.SEL_421_SubCFG/LLN0$GO$PIOC...SEL_421_SubCFG/LLN0$PIOC.SEL_421_Sub.i..t...............,"{""sub_nonce_check_ms"": 0.003496999852359295, ""sub_key_deriv_ms"": 0.38198899983399315, ""sub_decrypt_ms"": 0.025628000003052875, ""sub_total_crypto_ms"": 0.413737999224395, ""sub_cpu_process_ms"": 0.424347, ""sub_peak_memory_bytes"": 2325}"
1774772436.3401241,publisher,ASCON-128a (ascon-c) (Byte Stream),9,,0.24505100009264424,115,64,6.5619,27516.0,...s....ai.SEL_421_SubCFG/LLN0$GO$PIOC...SEL_421_SubCFG/LLN0$PIOC.SEL_421_Sub.i...............,"{""pub_key_deriv_ms"": 0.19321300078445347, ""pub_nonce_ms"": 0.0015729992810520343, ""pub_encrypt_ms"": 0.04773900036525447, ""pub_total_crypto_ms"": 0.24505100009264424, ""pub_cpu_process_ms"": 0.259123, ""pub_peak_memory_bytes"": 2289}"
1774772436.3405435,subscriber,ASCON-128a (ascon-c) (Byte Stream),8,0.3395,0.2400,115,,6.7008,23800.0,...s....ai.SEL_421_SubCFG/LLN0$GO$PIOC...SEL_421_SubCFG/LLN0$PIOC.SEL_421_Sub.i...............,"{""sub_nonce_check_ms"": 0.005230000169831328, ""sub_key_deriv_ms"": 0.18861500029743183, ""sub_decrypt_ms"": 0.04302100023778621, ""sub_total_crypto_ms"": 0.23997100015549222, ""sub_cpu_process_ms"": 0.253002, ""sub_peak_memory_bytes"": 2325}"
1774772436.3430142,publisher,ASCON-128a (ascon-c) (Byte Stream),10,,0.17913700048666215,115,64,8.9764,27516.0,...s....ai.SEL_421_SubCFG/LLN0$GO$PIOC...SEL_421_SubCFG/LLN0$PIOC.SEL_421_Sub.i...............,"{""pub_key_deriv_ms"": 0.13264900007925462, ""pub_nonce_ms"": 0.0018339997041039169, ""pub_encrypt_ms"": 0.043090999497508164, ""pub_total_crypto_ms"": 0.17913700048666215, ""pub_cpu_process_ms"": 0.187326, ""pub_peak_memory_bytes"": 2289}"
1774772436.3432827,subscriber,ASCON-128a (ascon-c) (Byte Stream),9,0.3078,0.1816,115,,8.8560,23800.0,...s....ai.SEL_421_SubCFG/LLN0$GO$PIOC...SEL_421_SubCFG/LLN0$PIOC.SEL_421_Sub.i...............,"{""sub_nonce_check_ms"": 0.008916000297176652, ""sub_key_deriv_ms"": 0.1378899996780092, ""sub_decrypt_ms"": 0.030356999559444375, ""sub_total_crypto_ms"": 0.18157199974666582, ""sub_cpu_process_ms"": 0.189741, ""sub_peak_memory_bytes"": 2325}"
1774772436.3475142,publisher,ASCON-128a (ascon-c) (Byte Stream),11,,0.13658599982591113,115,64,11.7728,27516.0,...s....ai.SEL_421_SubCFG/LLN0$GO$PIOC...SEL_421_SubCFG/LLN0$PIOC.SEL_421_Sub.i...............,"{""pub_key_deriv_ms"": 0.10766200011858018, ""pub_nonce_ms"": 0.0017040001694113016, ""pub_encrypt_ms"": 0.025858999833872076, ""pub_total_crypto_ms"": 0.13658599982591113, ""pub_cpu_process_ms"": 0.143212, ""pub_peak_memory_bytes"": 2289}"
1774772436.3480713,subscriber,ASCON-128a (ascon-c) (Byte Stream),10,0.4189,0.1693,115,,9.4997,23800.0,...s....ai.SEL_421_SubCFG/LLN0$GO$PIOC...SEL_421_SubCFG/LLN0$PIOC.SEL_421_Sub.i...............,"{""sub_nonce_check_ms"": 0.0019139997675665654, ""sub_key_deriv_ms"": 0.1412250003340887, ""sub_decrypt_ms"": 0.024205000045185443, ""sub_total_crypto_ms"": 0.16926800071814796, ""sub_cpu_process_ms"": 0.177267, ""sub_peak_memory_bytes"": 2325}"
1774772436.3564537,publisher,ASCON-128a (ascon-c) (Byte Stream),12,,0.21094699968671193,115,64,7.6228,27516.0,...s....ai.SEL_421_SubCFG/LLN0$GO$PIOC...SEL_421_SubCFG/LLN0$PIOC.SEL_421_Sub.i...............,"{""pub_key_deriv_ms"": 0.15789699955348624, ""pub_nonce_ms"": 0.002305000634805765, ""pub_encrypt_ms"": 0.048691999836592004, ""pub_total_crypto_ms"": 0.21094699968671193, ""pub_cpu_process_ms"": 0.220539, ""pub_peak_memory_bytes"": 2289}"
1774772436.3571196,subscriber,ASCON-128a (ascon-c) (Byte Stream),11,0.5126,0.2126,115,,7.5646,23800.0,...s....ai.SEL_421_SubCFG/LLN0$GO$PIOC...SEL_421_SubCFG/LLN0$PIOC.SEL_421_Sub.i...............,"{""sub_nonce_check_ms"": 0.0024139999368344434, ""sub_key_deriv_ms"": 0.17157199999928707, ""sub_decrypt_ms"": 0.03606799964472884, ""sub_total_crypto_ms"": 0.21257000025798334, ""sub_cpu_process_ms"": 0.222373, ""sub_peak_memory_bytes"": 2325}"
1774772437.3575482,publisher,ASCON-128a (ascon-c) (Byte Stream),13,,0.2570730002844357,115,64,6.2550,27516.0,...s....ai.SEL_421_SubCFG/LLN0$GO$PIOC...SEL_421_SubCFG/LLN0$PIOC.SEL_421_Sub.i...............,"{""pub_key_deriv_ms"": 0.2029309998761164, ""pub_nonce_ms"": 0.0018640002963365987, ""pub_encrypt_ms"": 0.049794000005931593, ""pub_total_crypto_ms"": 0.2570730002844357, ""pub_cpu_process_ms"": 0.271076, ""pub_peak_memory_bytes"": 2289}"
1774772437.35833,subscriber,ASCON-128a (ascon-c) (Byte Stream),12,0.5193,0.2596,115,,6.1937,23800.0,...s....ai.SEL_421_SubCFG/LLN0$GO$PIOC...SEL_421_SubCFG/LLN0$PIOC.SEL_421_Sub.i...............,"{""sub_nonce_check_ms"": 0.0055199998314492404, ""sub_key_deriv_ms"": 0.2078400002574199, ""sub_decrypt_ms"": 0.04268000066076638, ""sub_total_crypto_ms"": 0.25961799929064, ""sub_cpu_process_ms"": 0.27313, ""sub_peak_memory_bytes"": 2325}"
1774772438.3591962,publisher,ASCON-128a (ascon-c) (Byte Stream),14,,0.2819900000758935,115,64,5.7023,27516.0,...s....ai.SEL_421_SubCFG/LLN0$GO$PIOC...SEL_421_SubCFG/LLN0$PIOC.SEL_421_Sub.i...............,"{""pub_key_deriv_ms"": 0.21064600059617078, ""pub_nonce_ms"": 0.0016129997675307095, ""pub_encrypt_ms"": 0.0668359998599044, ""pub_total_crypto_ms"": 0.2819900000758935, ""pub_cpu_process_ms"": 0.296705, ""pub_peak_memory_bytes"": 2289}"
1774772438.359655,subscriber,ASCON-128a (ascon-c) (Byte Stream),13,0.3135,0.2461,115,,6.5336,23800.0,...s....ai.SEL_421_SubCFG/LLN0$GO$PIOC...SEL_421_SubCFG/LLN0$PIOC.SEL_421_Sub.i...............,"{""sub_nonce_check_ms"": 0.005761000466009136, ""sub_key_deriv_ms"": 0.19375400006538257, ""sub_decrypt_ms"": 0.04333099968789611, ""sub_total_crypto_ms"": 0.24611299977550516, ""sub_cpu_process_ms"": 0.260194, ""sub_peak_memory_bytes"": 2325}"
1774772439.3609426,publisher,ASCON-128a (ascon-c) (Byte Stream),15,,0.3833900000245194,115,64,4.1942,27516.0,...s....ai.SEL_421_SubCFG/LLN0$GO$PIOC...SEL_421_SubCFG/LLN0$PIOC.SEL_421_Sub.i...............,"{""pub_key_deriv_ms"": 0.2921489995060256, ""pub_nonce_ms"": 0.003756999831239227, ""pub_encrypt_ms"": 0.08422900009463774, ""pub_total_crypto_ms"": 0.3833900000245194, ""pub_cpu_process_ms"": 0.401944, ""pub_peak_memory_bytes"": 2289}"
1774772439.3614948,subscriber,ASCON-128a (ascon-c) (Byte Stream),14,0.4723,0.2564,115,,6.2716,23800.0,...s....ai.SEL_421_SubCFG/LLN0$GO$PIOC...SEL_421_SubCFG/LLN0$PIOC.SEL_421_Sub.i...............,"{""sub_nonce_check_ms"": 0.00603099942964036, ""sub_key_deriv_ms"": 0.20474499979172833, ""sub_decrypt_ms"": 0.04233900017425185, ""sub_total_crypto_ms"": 0.2563919997555786, ""sub_cpu_process_ms"": 0.270544, ""sub_peak_memory_bytes"": 2325}"
1774772440.363904,publisher,ASCON-128a (ascon-c) (Byte Stream),16,,0.2689060002012411,115,64,5.9798,27516.0,...s....ai.SEL_421_SubCFG/LLN0$GO$PIOC...SEL_421_SubCFG/LLN0$PIOC.SEL_421_Sub.i...............,"{""pub_key_deriv_ms"": 0.21929300055489875, ""pub_nonce_ms"": 0.0013629996828967705, ""pub_encrypt_ms"": 0.04570600049191853, ""pub_total_crypto_ms"": 0.2689060002012411, ""pub_cpu_process_ms"": 0.282076, ""pub_peak_memory_bytes"": 2289}"
1774772440.364258,subscriber,ASCON-128a (ascon-c) (Byte Stream),15,0.3204,0.2000,115,,8.0394,23800.0,...s....ai.SEL_421_SubCFG/LLN0$GO$PIOC...SEL_421_SubCFG/LLN0$PIOC.SEL_421_Sub.i...............,"{""sub_nonce_check_ms"": 0.004709000677394215, ""sub_key_deriv_ms"": 0.15027300014480716, ""sub_decrypt_ms"": 0.04188900038570864, ""sub_total_crypto_ms"": 0.20001600023533683, ""sub_cpu_process_ms"": 0.212324, ""sub_peak_memory_bytes"": 2325}"
1774772441.3658056,publisher,ASCON-128a (ascon-c) (Byte Stream),17,,0.29402299969660817,115,64,5.4690,27516.0,...s....ai.SEL_421_SubCFG/LLN0$GO$PIOC...SEL_421_SubCFG/LLN0$PIOC.SEL_421_Sub.i...............,"{""pub_key_deriv_ms"": 0.2254329992865678, ""pub_nonce_ms"": 0.0019139997675665654, ""pub_encrypt_ms"": 0.06386000040947692, ""pub_total_crypto_ms"": 0.29402299969660817, ""pub_cpu_process_ms"": 0.309609, ""pub_peak_memory_bytes"": 2289}"
1774772441.3664577,subscriber,ASCON-128a (ascon-c) (Byte Stream),16,0.3963,0.2480,115,,6.4845,23800.0,...s....ai.SEL_421_SubCFG/LLN0$GO$PIOC...SEL_421_SubCFG/LLN0$PIOC.SEL_421_Sub.i...............,"{""sub_nonce_check_ms"": 0.005670999598805793, ""sub_key_deriv_ms"": 0.19584799974836642, ""sub_decrypt_ms"": 0.04301100034354022, ""sub_total_crypto_ms"": 0.2479760005371645, ""sub_cpu_process_ms"": 0.262158, ""sub_peak_memory_bytes"": 2325}"
1774772442.367752,publisher,ASCON-128a (ascon-c) (Byte Stream),18,,0.2890129999286728,115,64,5.5638,27516.0,...s....ai.SEL_421_SubCFG/LLN0$GO$PIOC...SEL_421_SubCFG/LLN0$PIOC.SEL_421_Sub.i...............,"{""pub_key_deriv_ms"": 0.2241709998997976, ""pub_nonce_ms"": 0.0021140003809705377, ""pub_encrypt_ms"": 0.059983000028296374, ""pub_total_crypto_ms"": 0.2890129999286728, ""pub_cpu_process_ms"": 0.304709, ""pub_peak_memory_bytes"": 2289}"
1774772442.3685226,subscriber,ASCON-128a (ascon-c) (Byte Stream),17,0.5012,0.2755,115,,5.8371,23800.0,...s....ai.SEL_421_SubCFG/LLN0$GO$PIOC...SEL_421_SubCFG/LLN0$PIOC.SEL_421_Sub.i...............,"{""sub_nonce_check_ms"": 0.006211999789229594, ""sub_key_deriv_ms"": 0.2160459998776787, ""sub_decrypt_ms"": 0.049462999413663056, ""sub_total_crypto_ms"": 0.2754780007308, ""sub_cpu_process_ms"": 0.290914, ""sub_peak_memory_bytes"": 2325}"
1774772443.3697193,subscriber,ASCON-128a (ascon-c) (Byte Stream),18,0.0560,0.2175,115,,7.3945,23800.0,...s....ai.SEL_421_SubCFG/LLN0$GO$PIOC...SEL_421_SubCFG/LLN0$PIOC.SEL_421_Sub.i...............,"{""sub_nonce_check_ms"": 0.006923000000824686, ""sub_key_deriv_ms"": 0.16897800014703535, ""sub_decrypt_ms"": 0.03854200076602865, ""sub_total_crypto_ms"": 0.21745899994130014, ""sub_cpu_process_ms"": 0.230479, ""sub_peak_memory_bytes"": 4373}"
1774772443.3698783,publisher,ASCON-128a (ascon-c) (Byte Stream),19,,0.26647100003174273,115,64,6.0344,27516.0,...s....ai.SEL_421_SubCFG/LLN0$GO$PIOC...SEL_421_SubCFG/LLN0$PIOC.SEL_421_Sub.i...............,"{""pub_key_deriv_ms"": 0.20107799991819775, ""pub_nonce_ms"": 0.0017430002117180265, ""pub_encrypt_ms"": 0.061234999520820566, ""pub_total_crypto_ms"": 0.26647100003174273, ""pub_cpu_process_ms"": 0.280934, ""pub_peak_memory_bytes"": 2289}"
1774772444.37248,publisher,ASCON-128a (ascon-c) (Byte Stream),20,,0.3436960005274159,115,64,4.6786,27516.0,...s....ai.SEL_421_SubCFG/LLN0$GO$PIOC...SEL_421_SubCFG/LLN0$PIOC.SEL_421_Sub.i...............,"{""pub_key_deriv_ms"": 0.28282199946261244, ""pub_nonce_ms"": 0.0021039995772298425, ""pub_encrypt_ms"": 0.05593599962594453, ""pub_total_crypto_ms"": 0.3436960005274159, ""pub_cpu_process_ms"": 0.367359, ""pub_peak_memory_bytes"": 2289}"
1774772444.373132,subscriber,ASCON-128a (ascon-c) (Byte Stream),19,0.3455,0.3874,115,,4.1502,23800.0,...s....ai.SEL_421_SubCFG/LLN0$GO$PIOC...SEL_421_SubCFG/LLN0$PIOC.SEL_421_Sub.i...............,"{""sub_nonce_check_ms"": 0.005249999958323315, ""sub_key_deriv_ms"": 0.324970999827201, ""sub_decrypt_ms"": 0.053820999710296746, ""sub_total_crypto_ms"": 0.3874479998557945, ""sub_cpu_process_ms"": 0.402616, ""sub_peak_memory_bytes"": 2325}"
1774772445.373783,publisher,ASCON-128a (ascon-c) (Byte Stream),21,,0.33126299967989326,115,64,4.8541,27516.0,...s....ai.SEL_421_SubCFG/LLN0$GO$PIOC...SEL_421_SubCFG/LLN0$PIOC.SEL_421_Sub.i...............,"{""pub_key_deriv_ms"": 0.24746600047365064, ""pub_nonce_ms"": 0.0025649997041909955, ""pub_encrypt_ms"": 0.07790599920554087, ""pub_total_crypto_ms"": 0.33126299967989326, ""pub_cpu_process_ms"": 0.349444, ""pub_peak_memory_bytes"": 2289}"
1774772445.375106,subscriber,ASCON-128a (ascon-c) (Byte Stream),20,0.1335,0.7978,115,,2.0156,23800.0,...s....ai.SEL_421_SubCFG/LLN0$GO$PIOC...SEL_421_SubCFG/LLN0$PIOC.SEL_421_Sub.i...............,"{""sub_nonce_check_ms"": 0.0054299998737405986, ""sub_key_deriv_ms"": 0.6297939999058144, ""sub_decrypt_ms"": 0.15843800065340474, ""sub_total_crypto_ms"": 0.7977699997354648, ""sub_cpu_process_ms"": 0.685098, ""sub_peak_memory_bytes"": 2325}"
1774772446.3757417,publisher,ASCON-128a (ascon-c) (Byte Stream),22,,0.31799799944565166,115,64,5.0566,27516.0,...s....ai.SEL_421_SubCFG/LLN0$GO$PIOC...SEL_421_SubCFG/LLN0$PIOC.SEL_421_Sub.i...............,"{""pub_key_deriv_ms"": 0.2553200001784717, ""pub_nonce_ms"": 0.0020139996195212007, ""pub_encrypt_ms"": 0.05618500017590122, ""pub_total_crypto_ms"": 0.31799799944565166, ""pub_cpu_process_ms"": 0.338794, ""pub_peak_memory_bytes"": 2289}"
1774772446.3767195,subscriber,ASCON-128a (ascon-c) (Byte Stream),21,0.7837,0.2160,115,,7.4428,23800.0,...s....ai.SEL_421_SubCFG/LLN0$GO$PIOC...SEL_421_SubCFG/LLN0$PIOC.SEL_421_Sub.i...............,"{""sub_nonce_check_ms"": 0.005200000487093348, ""sub_key_deriv_ms"": 0.17048100016836543, ""sub_decrypt_ms"": 0.03729999934876105, ""sub_total_crypto_ms"": 0.21604700032185065, ""sub_cpu_process_ms"": 0.228805, ""sub_peak_memory_bytes"": 2325}"
1774772447.379537,publisher,ASCON-128a (ascon-c) (Byte Stream),23,,0.8893019994502538,115,64,1.8082,27516.0,...s....ai.SEL_421_SubCFG/LLN0$GO$PIOC...SEL_421_SubCFG/LLN0$PIOC.SEL_421_Sub.i...............,"{""pub_key_deriv_ms"": 0.8300509998662164, ""pub_nonce_ms"": 0.0023040001906338148, ""pub_encrypt_ms"": 0.05468299968924839, ""pub_total_crypto_ms"": 0.8893019994502538, ""pub_cpu_process_ms"": 0.903398, ""pub_peak_memory_bytes"": 2289}"
1774772447.37995,subscriber,ASCON-128a (ascon-c) (Byte Stream),22,0.1254,0.2178,115,,7.3819,23800.0,...s....ai.SEL_421_SubCFG/LLN0$GO$PIOC...SEL_421_SubCFG/LLN0$PIOC.SEL_421_Sub.i...............,"{""sub_nonce_check_ms"": 0.005038999915996101, ""sub_key_deriv_ms"": 0.17211399972438812, ""sub_decrypt_ms"": 0.03812100021605147, ""sub_total_crypto_ms"": 0.21783000011055265, ""sub_cpu_process_ms"": 0.234045, ""sub_peak_memory_bytes"": 2325}"
1774772448.38771,publisher,ASCON-128a (ascon-c) (Byte Stream),24,,0.26899600015894976,115,64,5.9778,27516.0,...s....ai.SEL_421_SubCFG/LLN0$GO$PIOC...SEL_421_SubCFG/LLN0$PIOC.SEL_421_Sub.i...............,"{""pub_key_deriv_ms"": 0.19657000029837945, ""pub_nonce_ms"": 0.0044779999370803125, ""pub_encrypt_ms"": 0.06440099969040602, ""pub_total_crypto_ms"": 0.26899600015894976, ""pub_cpu_process_ms"": 0.282527, ""pub_peak_memory_bytes"": 2289}"
1774772448.3881087,subscriber,ASCON-128a (ascon-c) (Byte Stream),23,0.2465,0.1905,115,,8.4388,23800.0,...s....ai.SEL_421_SubCFG/LLN0$GO$PIOC...SEL_421_SubCFG/LLN0$PIOC.SEL_421_Sub.i...............,"{""sub_nonce_check_ms"": 0.0046889999794075266, ""sub_key_deriv_ms"": 0.1505229993199464, ""sub_decrypt_ms"": 0.03246099913667422, ""sub_total_crypto_ms"": 0.19054800031881314, ""sub_cpu_process_ms"": 0.201764, ""sub_peak_memory_bytes"": 2325}"
1774772449.3892095,publisher,ASCON-128a (ascon-c) (Byte Stream),25,,0.23879900072643068,115,64,6.7337,27516.0,...s....ai.SEL_421_SubCFG/LLN0$GO$PIOC...SEL_421_SubCFG/LLN0$PIOC.SEL_421_Sub.i...............,"{""pub_key_deriv_ms"": 0.18950699995912146, ""pub_nonce_ms"": 0.0013720000424655154, ""pub_encrypt_ms"": 0.04531499962467933, ""pub_total_crypto_ms"": 0.23879900072643068, ""pub_cpu_process_ms"": 0.251989, ""pub_peak_memory_bytes"": 2289}"
1774772449.3896468,subscriber,ASCON-128a (ascon-c) (Byte Stream),24,0.1910,0.1942,115,,8.2795,23800.0,...s....ai.SEL_421_SubCFG/LLN0$GO$PIOC...SEL_421_SubCFG/LLN0$PIOC.SEL_421_Sub.i...............,"{""sub_nonce_check_ms"": 0.004999999873689376, ""sub_key_deriv_ms"": 0.1537790003567352, ""sub_decrypt_ms"": 0.03305199970782269, ""sub_total_crypto_ms"": 0.19421500019234372, ""sub_cpu_process_ms"": 0.205661, ""sub_peak_memory_bytes"": 2325}"
1774772450.3903818,publisher,ASCON-128a (ascon-c) (Byte Stream),26,,0.31326899988926016,115,64,5.1330,27516.0,...s....ai.SEL_421_SubCFG/LLN0$GO$PIOC...SEL_421_SubCFG/LLN0$PIOC.SEL_421_Sub.i...............,"{""pub_key_deriv_ms"": 0.24610300079075387, ""pub_nonce_ms"": 0.0017230004232260399, ""pub_encrypt_ms"": 0.062447000345855486, ""pub_total_crypto_ms"": 0.31326899988926016, ""pub_cpu_process_ms"": 0.334416, ""pub_peak_memory_bytes"": 2289}"
1774772450.390919,subscriber,ASCON-128a (ascon-c) (Byte Stream),25,0.0694,0.2555,115,,6.2940,23800.0,...s....ai.SEL_421_SubCFG/LLN0$GO$PIOC...SEL_421_SubCFG/LLN0$PIOC.SEL_421_Sub.i...............,"{""sub_nonce_check_ms"": 0.006772999768145382, ""sub_key_deriv_ms"": 0.20071800008736318, ""sub_decrypt_ms"": 0.04424300004757242, ""sub_total_crypto_ms"": 0.25548000030539697, ""sub_cpu_process_ms"": 0.272027, ""sub_peak_memory_bytes"": 2325}"
1774772451.3913991,publisher,ASCON-128a (ascon-c) (Byte Stream),27,,0.4185370007689926,115,64,3.8420,27516.0,...s....ai.SEL_421_SubCFG/LLN0$GO$PIOC...SEL_421_SubCFG/LLN0$PIOC.SEL_421_Sub.i...............,"{""pub_key_deriv_ms"": 0.36879299932479626, ""pub_nonce_ms"": 0.002245000359835103, ""pub_encrypt_ms"": 0.04472399996302556, ""pub_total_crypto_ms"": 0.4185370007689926, ""pub_cpu_process_ms"": 0.431741, ""pub_peak_memory_bytes"": 2289}"
1774772451.3921978,subscriber,ASCON-128a (ascon-c) (Byte Stream),26,0.5434,0.1996,115,,8.0551,23800.0,...s....ai.SEL_421_SubCFG/LLN0$GO$PIOC...SEL_421_SubCFG/LLN0$PIOC.SEL_421_Sub.i...............,"{""sub_nonce_check_ms"": 0.006132000635261647, ""sub_key_deriv_ms"": 0.1550209999550134, ""sub_decrypt_ms"": 0.035817000025417656, ""sub_total_crypto_ms"": 0.19962499936809763, ""sub_cpu_process_ms"": 0.211392, ""sub_peak_memory_bytes"": 2325}"
1774772452.3934329,publisher,ASCON-128a (ascon-c) (Byte Stream),28,,0.26116100070794346,115,64,6.1571,27516.0,...s....ai.SEL_421_SubCFG/LLN0$GO$PIOC...SEL_421_SubCFG/LLN0$PIOC.SEL_421_Sub.i...............,"{""pub_key_deriv_ms"": 0.19581800006562844, ""pub_nonce_ms"": 0.0014420002116821706, ""pub_encrypt_ms"": 0.061175000155344605, ""pub_total_crypto_ms"": 0.26116100070794346, ""pub_cpu_process_ms"": 0.283159, ""pub_peak_memory_bytes"": 2289}"
1774772452.3942688,subscriber,ASCON-128a (ascon-c) (Byte Stream),27,0.5980,0.1929,115,,8.3367,23800.0,...s....ai.SEL_421_SubCFG/LLN0$GO$PIOC...SEL_421_SubCFG/LLN0$PIOC.SEL_421_Sub.i...............,"{""sub_nonce_check_ms"": 0.005038999915996101, ""sub_key_deriv_ms"": 0.1523870005257777, ""sub_decrypt_ms"": 0.03279100019426551, ""sub_total_crypto_ms"": 0.19288299972686218, ""sub_cpu_process_ms"": 0.203917, ""sub_peak_memory_bytes"": 2325}"
1774772453.3955321,publisher,ASCON-128a (ascon-c) (Byte Stream),29,,0.2775720004137838,115,64,5.7931,27516.0,...s....ai.SEL_421_SubCFG/LLN0$GO$PIOC...SEL_421_SubCFG/LLN0$PIOC.SEL_421_Sub.i...............,"{""pub_key_deriv_ms"": 0.2013790008277283, ""pub_nonce_ms"": 0.0015730001905467361, ""pub_encrypt_ms"": 0.07128399920475204, ""pub_total_crypto_ms"": 0.2775720004137838, ""pub_cpu_process_ms"": 0.292656, ""pub_peak_memory_bytes"": 2289}"
1774772453.3972304,subscriber,ASCON-128a (ascon-c) (Byte Stream),28,0.2177,1.0012,115,,1.6061,23800.0,...s....ai.SEL_421_SubCFG/LLN0$GO$PIOC...SEL_421_SubCFG/LLN0$PIOC.SEL_421_Sub.i...............,"{""sub_nonce_check_ms"": 0.005018999218009412, ""sub_key_deriv_ms"": 0.9585219995642547, ""sub_decrypt_ms"": 0.03424399983487092, ""sub_total_crypto_ms"": 1.001203000669193, ""sub_cpu_process_ms"": 1.013888, ""sub_peak_memory_bytes"": 2325}"
1774772454.3974617,publisher,ASCON-128a (ascon-c) (Byte Stream),30,,0.26668200007406995,115,64,6.0297,27516.0,...s....ai.SEL_421_SubCFG/LLN0$GO$PIOC...SEL_421_SubCFG/LLN0$PIOC.SEL_421_Sub.i...............,"{""pub_key_deriv_ms"": 0.20047700036229799, ""pub_nonce_ms"": 0.0016839994714246131, ""pub_encrypt_ms"": 0.06173599922476569, ""pub_total_crypto_ms"": 0.26668200007406995, ""pub_cpu_process_ms"": 0.281005, ""pub_peak_memory_bytes"": 2289}"
1774772454.3980432,subscriber,ASCON-128a (ascon-c) (Byte Stream),29,0.2337,0.3550,115,,4.5295,23800.0,...s....ai.SEL_421_SubCFG/LLN0$GO$PIOC...SEL_421_SubCFG/LLN0$PIOC.SEL_421_Sub.i...............,"{""sub_nonce_check_ms"": 0.005010000677430071, ""sub_key_deriv_ms"": 0.3123970000160625, ""sub_decrypt_ms"": 0.03460500010987744, ""sub_total_crypto_ms"": 0.3550080000422895, ""sub_cpu_process_ms"": 0.36821, ""sub_peak_memory_bytes"": 2325}"
1774772455.398259,publisher,ASCON-128a (ascon-c) (Byte Stream),31,,0.2830719995472464,115,64,5.6805,27516.0,...s....ai.SEL_421_SubCFG/LLN0$GO$PIOC...SEL_421_SubCFG/LLN0$PIOC.SEL_421_Sub.i...............,"{""pub_key_deriv_ms"": 0.21332199958123965, ""pub_nonce_ms"": 0.0017239999579032883, ""pub_encrypt_ms"": 0.06541299990203697, ""pub_total_crypto_ms"": 0.2830719995472464, ""pub_cpu_process_ms"": 0.297776, ""pub_peak_memory_bytes"": 2289}"
1774772455.3988602,subscriber,ASCON-128a (ascon-c) (Byte Stream),30,0.2153,0.1934,115,,8.3155,23800.0,...s....ai.SEL_421_SubCFG/LLN0$GO$PIOC...SEL_421_SubCFG/LLN0$PIOC.SEL_421_Sub.i...............,"{""sub_nonce_check_ms"": 0.004458000148588326, ""sub_key_deriv_ms"": 0.15193599938356783, ""sub_decrypt_ms"": 0.03387400010979036, ""sub_total_crypto_ms"": 0.19337399953656131, ""sub_cpu_process_ms"": 0.20536, ""sub_peak_memory_bytes"": 2325}"
1774772456.400273,publisher,ASCON-128a (ascon-c) (Byte Stream),32,,0.2316449999852921,115,64,6.9417,27516.0,...s....ai.SEL_421_SubCFG/LLN0$GO$PIOC...SEL_421_SubCFG/LLN0$PIOC.SEL_421_Sub.i...............,"{""pub_key_deriv_ms"": 0.18240300050820224, ""pub_nonce_ms"": 0.0014229999578674324, ""pub_encrypt_ms"": 0.04547600019577658, ""pub_total_crypto_ms"": 0.2316449999852921, ""pub_cpu_process_ms"": 0.244846, ""pub_peak_memory_bytes"": 2289}"
1774772456.4023623,subscriber,ASCON-128a (ascon-c) (Byte Stream),31,1.8144,0.2039,115,,7.8857,23800.0,...s....ai.SEL_421_SubCFG/LLN0$GO$PIOC...SEL_421_SubCFG/LLN0$PIOC.SEL_421_Sub.i...............,"{""sub_nonce_check_ms"": 0.005160000000614673, ""sub_key_deriv_ms"": 0.15922000056889374, ""sub_decrypt_ms"": 0.03618800019467017, ""sub_total_crypto_ms"": 0.20391300040500937, ""sub_cpu_process_ms"": 0.230919, ""sub_peak_memory_bytes"": 2325}"
1774772457.4025078,publisher,ASCON-128a (ascon-c) (Byte Stream),33,,0.3524630001265905,115,64,4.5622,27516.0,...s....ai.SEL_421_SubCFG/LLN0$GO$PIOC...SEL_421_SubCFG/LLN0$PIOC.SEL_421_Sub.i...............,"{""pub_key_deriv_ms"": 0.24924900026235264, ""pub_nonce_ms"": 0.002273999598401133, ""pub_encrypt_ms"": 0.09743299960973673, ""pub_total_crypto_ms"": 0.3524630001265905, ""pub_cpu_process_ms"": 0.371416, ""pub_peak_memory_bytes"": 2289}"
1774772457.4029481,subscriber,ASCON-128a (ascon-c) (Byte Stream),32,0.3061,0.2004,115,,8.0225,23800.0,...s....ai.SEL_421_SubCFG/LLN0$GO$PIOC...SEL_421_SubCFG/LLN0$PIOC.SEL_421_Sub.i...............,"{""sub_nonce_check_ms"": 0.00520999947184464, ""sub_key_deriv_ms"": 0.1584170004207408, ""sub_decrypt_ms"": 0.034175000109826215, ""sub_total_crypto_ms"": 0.2004369998758193, ""sub_cpu_process_ms"": 0.212003, ""sub_peak_memory_bytes"": 2325}"
1774772458.4035614,publisher,ASCON-128a (ascon-c) (Byte Stream),34,,0.24794599994493183,115,64,6.4853,27516.0,...s....ai.SEL_421_SubCFG/LLN0$GO$PIOC...SEL_421_SubCFG/LLN0$PIOC.SEL_421_Sub.i...............,"{""pub_key_deriv_ms"": 0.19964500006608432, ""pub_nonce_ms"": 0.0012819991752621718, ""pub_encrypt_ms"": 0.04424300004757242, ""pub_total_crypto_ms"": 0.24794599994493183, ""pub_cpu_process_ms"": 0.262188, ""pub_peak_memory_bytes"": 2289}"
1774772458.4043074,subscriber,ASCON-128a (ascon-c) (Byte Stream),33,0.5679,0.2168,115,,7.4184,23800.0,...s....ai.SEL_421_SubCFG/LLN0$GO$PIOC...SEL_421_SubCFG/LLN0$PIOC.SEL_421_Sub.i...............,"{""sub_nonce_check_ms"": 0.00526000076206401, ""sub_key_deriv_ms"": 0.1702800000202842, ""sub_decrypt_ms"": 0.03824199939117534, ""sub_total_crypto_ms"": 0.21675799962395104, ""sub_cpu_process_ms"": 0.229726, ""sub_peak_memory_bytes"": 2325}"
1774772459.4053211,publisher,ASCON-128a (ascon-c) (Byte Stream),35,,0.23885900009190664,115,64,6.7320,27516.0,...s....ai.SEL_421_SubCFG/LLN0$GO$PIOC...SEL_421_SubCFG/LLN0$PIOC.SEL_421_Sub.i...............,"{""pub_key_deriv_ms"": 0.17777399989427067, ""pub_nonce_ms"": 0.0014529996406054124, ""pub_encrypt_ms"": 0.05713800055673346, ""pub_total_crypto_ms"": 0.23885900009190664, ""pub_cpu_process_ms"": 0.443162, ""pub_peak_memory_bytes"": 2289}"
1774772459.40578,subscriber,ASCON-128a (ascon-c) (Byte Stream),34,0.1945,0.2072,115,,7.7617,23800.0,...s....ai.SEL_421_SubCFG/LLN0$GO$PIOC...SEL_421_SubCFG/LLN0$PIOC.SEL_421_Sub.i...............,"{""sub_nonce_check_ms"": 0.005330000021785963, ""sub_key_deriv_ms"": 0.16400799995608395, ""sub_decrypt_ms"": 0.03491600000415929, ""sub_total_crypto_ms"": 0.20717000006698072, ""sub_cpu_process_ms"": 0.218596, ""sub_peak_memory_bytes"": 2325}"
1774772460.4063418,publisher,ASCON-128a (ascon-c) (Byte Stream),36,,0.24819699956424301,115,64,6.4787,27516.0,...s....ai.SEL_421_SubCFG/LLN0$GO$PIOC...SEL_421_SubCFG/LLN0$PIOC.SEL_421_Sub.i...............,"{""pub_key_deriv_ms"": 0.19595800040406175, ""pub_nonce_ms"": 0.0014330007616081275, ""pub_encrypt_ms"": 0.04811000053450698, ""pub_total_crypto_ms"": 0.24819699956424301, ""pub_cpu_process_ms"": 0.261597, ""pub_peak_memory_bytes"": 2289}"
1774772460.406786,subscriber,ASCON-128a (ascon-c) (Byte Stream),35,0.1979,0.2405,115,,6.6852,23800.0,...s....ai.SEL_421_SubCFG/LLN0$GO$PIOC...SEL_421_SubCFG/LLN0$PIOC.SEL_421_Sub.i...............,"{""sub_nonce_check_ms"": 0.004798999725608155, ""sub_key_deriv_ms"": 0.19219099976908183, ""sub_decrypt_ms"": 0.04024600002594525, ""sub_total_crypto_ms"": 0.24053299966908526, ""sub_cpu_process_ms"": 0.252309, ""sub_peak_memory_bytes"": 2325}"
1774772461.4082174,publisher,ASCON-128a (ascon-c) (Byte Stream),37,,0.37510600031964714,115,64,4.2868,27516.0,...s....ai.SEL_421_SubCFG/LLN0$GO$PIOC...SEL_421_SubCFG/LLN0$PIOC.SEL_421_Sub.i...............,"{""pub_key_deriv_ms"": 0.25354700028401567, ""pub_nonce_ms"": 0.002395000592514407, ""pub_encrypt_ms"": 0.11558799997146707, ""pub_total_crypto_ms"": 0.37510600031964714, ""pub_cpu_process_ms"": 0.395973, ""pub_peak_memory_bytes"": 2289}"
1774772461.4085748,subscriber,ASCON-128a (ascon-c) (Byte Stream),36,0.3679,0.2421,115,,6.6425,23800.0,...s....ai.SEL_421_SubCFG/LLN0$GO$PIOC...SEL_421_SubCFG/LLN0$PIOC.SEL_421_Sub.i...............,"{""sub_nonce_check_ms"": 0.004999000339012127, ""sub_key_deriv_ms"": 0.19039899962081108, ""sub_decrypt_ms"": 0.04307100061851088, ""sub_total_crypto_ms"": 0.242076000176894, ""sub_cpu_process_ms"": 0.256207, ""sub_peak_memory_bytes"": 2325}"
1774772462.4092867,publisher,ASCON-128a (ascon-c) (Byte Stream),38,,0.24919899988162797,115,64,6.4527,27516.0,...s....ai.SEL_421_SubCFG/LLN0$GO$PIOC...SEL_421_SubCFG/LLN0$PIOC.SEL_421_Sub.i...............,"{""pub_key_deriv_ms"": 0.199466000594839, ""pub_nonce_ms"": 0.0019930002963519655, ""pub_encrypt_ms"": 0.04530500063992804, ""pub_total_crypto_ms"": 0.24919899988162797, ""pub_cpu_process_ms"": 0.26271, ""pub_peak_memory_bytes"": 2289}"
1774772462.4097338,subscriber,ASCON-128a (ascon-c) (Byte Stream),37,0.2127,0.1929,115,,8.3371,23800.0,...s....ai.SEL_421_SubCFG/LLN0$GO$PIOC...SEL_421_SubCFG/LLN0$PIOC.SEL_421_Sub.i...............,"{""sub_nonce_check_ms"": 0.004679000085161533, ""sub_key_deriv_ms"": 0.1513049992354354, ""sub_decrypt_ms"": 0.03407399981369963, ""sub_total_crypto_ms"": 0.1928729998326162, ""sub_cpu_process_ms"": 0.203247, ""sub_peak_memory_bytes"": 2325}"
1774772463.4115267,publisher,ASCON-128a (ascon-c) (Byte Stream),39,,0.3244199997425312,115,64,4.9565,27516.0,...s....ai.SEL_421_SubCFG/LLN0$GO$PIOC...SEL_421_SubCFG/LLN0$PIOC.SEL_421_Sub.i...............,"{""pub_key_deriv_ms"": 0.23562300066259922, ""pub_nonce_ms"": 0.0024350001694983803, ""pub_encrypt_ms"": 0.08316599996760488, ""pub_total_crypto_ms"": 0.3244199997425312, ""pub_cpu_process_ms"": 0.34199, ""pub_peak_memory_bytes"": 2289}"
1774772463.4122255,subscriber,ASCON-128a (ascon-c) (Byte Stream),38,0.3819,0.5772,115,,2.7856,23800.0,...s....ai.SEL_421_SubCFG/LLN0$GO$PIOC...SEL_421_SubCFG/LLN0$PIOC.SEL_421_Sub.i...............,"{""sub_nonce_check_ms"": 0.00894699951459188, ""sub_key_deriv_ms"": 0.5235250000623637, ""sub_decrypt_ms"": 0.03672899947559927, ""sub_total_crypto_ms"": 0.5772459999207058, ""sub_cpu_process_ms"": 0.614689, ""sub_peak_memory_bytes"": 2325}"
1774772464.4134004,publisher,ASCON-128a (ascon-c) (Byte Stream),40,,0.27006799973605666,115,64,5.9541,27516.0,...s....ai.SEL_421_SubCFG/LLN0$GO$PIOC...SEL_421_SubCFG/LLN0$PIOC.SEL_421_Sub.i...............,"{""pub_key_deriv_ms"": 0.20111800040467642, ""pub_nonce_ms"": 0.0016430003597633913, ""pub_encrypt_ms"": 0.0646009993943153, ""pub_total_crypto_ms"": 0.27006799973605666, ""pub_cpu_process_ms"": 0.285533, ""pub_peak_memory_bytes"": 2289}"
1774772464.4139028,subscriber,ASCON-128a (ascon-c) (Byte Stream),39,0.2446,0.2903,115,,5.5388,23800.0,...s....ai.SEL_421_SubCFG/LLN0$GO$PIOC...SEL_421_SubCFG/LLN0$PIOC.SEL_421_Sub.i...............,"{""sub_nonce_check_ms"": 0.00483900021208683, ""sub_key_deriv_ms"": 0.2340099999855738, ""sub_decrypt_ms"": 0.04823099970963085, ""sub_total_crypto_ms"": 0.2903160002460936, ""sub_cpu_process_ms"": 0.303848, ""sub_peak_memory_bytes"": 2325}"
1774772465.4157367,publisher,ASCON-128a (ascon-c) (Byte Stream),41,,0.2407829997537192,115,64,6.6782,27516.0,...s....ai.SEL_421_SubCFG/LLN0$GO$PIOC...SEL_421_SubCFG/LLN0$PIOC.SEL_421_Sub.i... ...........,"{""pub_key_deriv_ms"": 0.19337399953656131, ""pub_nonce_ms"": 0.0013629996828967705, ""pub_encrypt_ms"": 0.04389300011098385, ""pub_total_crypto_ms"": 0.2407829997537192, ""pub_cpu_process_ms"": 0.254274, ""pub_peak_memory_bytes"": 2289}"
1774772465.4161718,subscriber,ASCON-128a (ascon-c) (Byte Stream),40,0.1903,0.1959,115,,8.2096,23800.0,...s....ai.SEL_421_SubCFG/LLN0$GO$PIOC...SEL_421_SubCFG/LLN0$PIOC.SEL_421_Sub.i... ...........,"{""sub_nonce_check_ms"": 0.005070000042906031, ""sub_key_deriv_ms"": 0.15591299961670302, ""sub_decrypt_ms"": 0.03254100010963157, ""sub_total_crypto_ms"": 0.1958680004463531, ""sub_cpu_process_ms"": 0.206342, ""sub_peak_memory_bytes"": 2325}"
1774772466.418537,publisher,ASCON-128a (ascon-c) (Byte Stream),42,,1.1689800003296114,115,64,1.3756,27516.0,...s....ai.SEL_421_SubCFG/LLN0$GO$PIOC...SEL_421_SubCFG/LLN0$PIOC.SEL_421_Sub.i...!...........,"{""pub_key_deriv_ms"": 1.0916150004049996, ""pub_nonce_ms"": 0.0038870002754265442, ""pub_encrypt_ms"": 0.07002200072747655, ""pub_total_crypto_ms"": 1.1689800003296114, ""pub_cpu_process_ms"": 0.445501, ""pub_peak_memory_bytes"": 2289}"
1774772466.4190955,subscriber,ASCON-128a (ascon-c) (Byte Stream),41,0.3204,0.1959,115,,8.2075,23800.0,...s....ai.SEL_421_SubCFG/LLN0$GO$PIOC...SEL_421_SubCFG/LLN0$PIOC.SEL_421_Sub.i...!...........,"{""sub_nonce_check_ms"": 0.004558000000542961, ""sub_key_deriv_ms"": 0.15556299968011444, ""sub_decrypt_ms"": 0.03321200074424269, ""sub_total_crypto_ms"": 0.19591899945226032, ""sub_cpu_process_ms"": 0.207004, ""sub_peak_memory_bytes"": 2325}"
1774772467.4203281,publisher,ASCON-128a (ascon-c) (Byte Stream),43,,0.2611310001157108,115,64,6.1578,27516.0,"...s....ai.SEL_421_SubCFG/LLN0$GO$PIOC...SEL_421_SubCFG/LLN0$PIOC.SEL_421_Sub.i...""...........","{""pub_key_deriv_ms"": 0.20433400004549185, ""pub_nonce_ms"": 0.0017630000002100132, ""pub_encrypt_ms"": 0.05254799998510862, ""pub_total_crypto_ms"": 0.2611310001157108, ""pub_cpu_process_ms"": 0.276556, ""pub_peak_memory_bytes"": 2289}"
1774772467.4207833,subscriber,ASCON-128a (ascon-c) (Byte Stream),42,0.2048,0.2103,115,,7.6453,23800.0,"...s....ai.SEL_421_SubCFG/LLN0$GO$PIOC...SEL_421_SubCFG/LLN0$PIOC.SEL_421_Sub.i...""...........","{""sub_nonce_check_ms"": 0.004950000402459409, ""sub_key_deriv_ms"": 0.16814599985082168, ""sub_decrypt_ms"": 0.03432499943301082, ""sub_total_crypto_ms"": 0.21032499989814823, ""sub_cpu_process_ms"": 0.222443, ""sub_peak_memory_bytes"": 2325}"
1774772468.4212875,publisher,ASCON-128a (ascon-c) (Byte Stream),44,,0.2671729998837691,115,64,6.0186,27516.0,...s....ai.SEL_421_SubCFG/LLN0$GO$PIOC...SEL_421_SubCFG/LLN0$PIOC.SEL_421_Sub.i...#...........,"{""pub_key_deriv_ms"": 0.20321200008766027, ""pub_nonce_ms"": 0.0015519999578827992, ""pub_encrypt_ms"": 0.06000299981678836, ""pub_total_crypto_ms"": 0.2671729998837691, ""pub_cpu_process_ms"": 0.281987, ""pub_peak_memory_bytes"": 2289}"
1774772468.4221797,subscriber,ASCON-128a (ascon-c) (Byte Stream),43,0.0689,0.7572,115,,2.1236,23800.0,...s....ai.SEL_421_SubCFG/LLN0$GO$PIOC...SEL_421_SubCFG/LLN0$PIOC.SEL_421_Sub.i...#...........,"{""sub_nonce_check_ms"": 0.0064719997681095265, ""sub_key_deriv_ms"": 0.6976720005695825, ""sub_decrypt_ms"": 0.046457999815174844, ""sub_total_crypto_ms"": 0.757193999561423, ""sub_cpu_process_ms"": 0.770015, ""sub_peak_memory_bytes"": 2325}"
1774772469.4223688,publisher,ASCON-128a (ascon-c) (Byte Stream),45,,0.23093500021786895,115,64,6.9630,27516.0,...s....ai.SEL_421_SubCFG/LLN0$GO$PIOC...SEL_421_SubCFG/LLN0$PIOC.SEL_421_Sub.i...$...........,"{""pub_key_deriv_ms"": 0.1820719999159337, ""pub_nonce_ms"": 0.0014829993233433925, ""pub_encrypt_ms"": 0.04477400034375023, ""pub_total_crypto_ms"": 0.23093500021786895, ""pub_cpu_process_ms"": 0.244064, ""pub_peak_memory_bytes"": 2289}"
1774772469.423095,subscriber,ASCON-128a (ascon-c) (Byte Stream),44,0.3860,0.3530,115,,4.5558,23800.0,...s....ai.SEL_421_SubCFG/LLN0$GO$PIOC...SEL_421_SubCFG/LLN0$PIOC.SEL_421_Sub.i...$...........,"{""sub_nonce_check_ms"": 0.004979000550520141, ""sub_key_deriv_ms"": 0.3079689995502122, ""sub_decrypt_ms"": 0.0369890003639739, ""sub_total_crypto_ms"": 0.3529539999362896, ""sub_cpu_process_ms"": 0.366797, ""sub_peak_memory_bytes"": 2325}"
1774772470.4235559,publisher,ASCON-128a (ascon-c) (Byte Stream),46,,0.2681539999684901,115,64,5.9966,27516.0,...s....ai.SEL_421_SubCFG/LLN0$GO$PIOC...SEL_421_SubCFG/LLN0$PIOC.SEL_421_Sub.i...%...........,"{""pub_key_deriv_ms"": 0.19816199983324623, ""pub_nonce_ms"": 0.0013429998944047838, ""pub_encrypt_ms"": 0.06662599935225444, ""pub_total_crypto_ms"": 0.2681539999684901, ""pub_cpu_process_ms"": 0.282788, ""pub_peak_memory_bytes"": 2289}"
1774772470.4241726,subscriber,ASCON-128a (ascon-c) (Byte Stream),45,0.1962,0.4221,115,,3.8098,23800.0,...s....ai.SEL_421_SubCFG/LLN0$GO$PIOC...SEL_421_SubCFG/LLN0$PIOC.SEL_421_Sub.i...%...........,"{""sub_nonce_check_ms"": 0.005279999641061295, ""sub_key_deriv_ms"": 0.38122699970699614, ""sub_decrypt_ms"": 0.03282200032117544, ""sub_total_crypto_ms"": 0.42207399928884115, ""sub_cpu_process_ms"": 0.391305, ""sub_peak_memory_bytes"": 2325}"
1774772471.4244332,publisher,ASCON-128a (ascon-c) (Byte Stream),47,,0.30416299978242023,115,64,5.2866,27516.0,...s....ai.SEL_421_SubCFG/LLN0$GO$PIOC...SEL_421_SubCFG/LLN0$PIOC.SEL_421_Sub.i...&...........,"{""pub_key_deriv_ms"": 0.2404830001978553, ""pub_nonce_ms"": 0.00240400004258845, ""pub_encrypt_ms"": 0.05845000032422831, ""pub_total_crypto_ms"": 0.30416299978242023, ""pub_cpu_process_ms"": 0.318376, ""pub_peak_memory_bytes"": 2289}"
1774772471.4251115,subscriber,ASCON-128a (ascon-c) (Byte Stream),46,0.4318,0.1944,115,,8.2710,23800.0,...s....ai.SEL_421_SubCFG/LLN0$GO$PIOC...SEL_421_SubCFG/LLN0$PIOC.SEL_421_Sub.i...&...........,"{""sub_nonce_check_ms"": 0.005048999810242094, ""sub_key_deriv_ms"": 0.15313799940486206, ""sub_decrypt_ms"": 0.03382400063856039, ""sub_total_crypto_ms"": 0.194414999896253, ""sub_cpu_process_ms"": 0.205291, ""sub_peak_memory_bytes"": 2325}"
1774772472.4259846,publisher,ASCON-128a (ascon-c) (Byte Stream),48,,0.23386900011246325,115,64,6.8756,27516.0,...s....ai.SEL_421_SubCFG/LLN0$GO$PIOC...SEL_421_SubCFG/LLN0$PIOC.SEL_421_Sub.i...'...........,"{""pub_key_deriv_ms"": 0.18652099970495328, ""pub_nonce_ms"": 0.0013919998309575021, ""pub_encrypt_ms"": 0.043801999709103256, ""pub_total_crypto_ms"": 0.23386900011246325, ""pub_cpu_process_ms"": 0.24717, ""pub_peak_memory_bytes"": 2289}"
1774772472.4276462,subscriber,ASCON-128a (ascon-c) (Byte Stream),47,0.6180,0.1974,115,,8.1450,23800.0,...s....ai.SEL_421_SubCFG/LLN0$GO$PIOC...SEL_421_SubCFG/LLN0$PIOC.SEL_421_Sub.i...'...........,"{""sub_nonce_check_ms"": 0.00469899987365352, ""sub_key_deriv_ms"": 0.15518200052611064, ""sub_decrypt_ms"": 0.035055999433097895, ""sub_total_crypto_ms"": 0.19742099993891316, ""sub_cpu_process_ms"": 0.208476, ""sub_peak_memory_bytes"": 2325}"
1774772473.4276147,publisher,ASCON-128a (ascon-c) (Byte Stream),49,,0.3288890002295375,115,64,4.8892,27516.0,...s....ai.SEL_421_SubCFG/LLN0$GO$PIOC...SEL_421_SubCFG/LLN0$PIOC.SEL_421_Sub.i...(...........,"{""pub_key_deriv_ms"": 0.24104400017677108, ""pub_nonce_ms"": 0.002554999809945002, ""pub_encrypt_ms"": 0.08186400009435602, ""pub_total_crypto_ms"": 0.3288890002295375, ""pub_cpu_process_ms"": 0.345788, ""pub_peak_memory_bytes"": 2289}"
1774772473.4299457,subscriber,ASCON-128a (ascon-c) (Byte Stream),48,0.4094,0.2990,115,,5.3788,23800.0,...s....ai.SEL_421_SubCFG/LLN0$GO$PIOC...SEL_421_SubCFG/LLN0$PIOC.SEL_421_Sub.i...(...........,"{""sub_nonce_check_ms"": 0.006100999598857015, ""sub_key_deriv_ms"": 0.23973099996510427, ""sub_decrypt_ms"": 0.04879199968854664, ""sub_total_crypto_ms"": 0.2989529994010809, ""sub_cpu_process_ms"": 0.31581, ""sub_peak_memory_bytes"": 2325}"
1774772474.4342148,publisher,ASCON-128a (ascon-c) (Byte Stream),50,,0.24301699977513636,115,64,6.6168,27516.0,...s....ai.SEL_421_SubCFG/LLN0$GO$PIOC...SEL_421_SubCFG/LLN0$PIOC.SEL_421_Sub.i...)...........,"{""pub_key_deriv_ms"": 0.18640100006450666, ""pub_nonce_ms"": 0.0013330000001587905, ""pub_encrypt_ms"": 0.05286899977363646, ""pub_total_crypto_ms"": 0.24301699977513636, ""pub_cpu_process_ms"": 0.256187, ""pub_peak_memory_bytes"": 2289}"
1774772474.434665,subscriber,ASCON-128a (ascon-c) (Byte Stream),49,0.1917,0.2028,115,,7.9290,23800.0,...s....ai.SEL_421_SubCFG/LLN0$GO$PIOC...SEL_421_SubCFG/LLN0$PIOC.SEL_421_Sub.i...)...........,"{""sub_nonce_check_ms"": 0.004818999514100142, ""sub_key_deriv_ms"": 0.1603419996172306, ""sub_decrypt_ms"": 0.034996000067621935, ""sub_total_crypto_ms"": 0.2028010003414238, ""sub_cpu_process_ms"": 0.213846, ""sub_peak_memory_bytes"": 2325}"
1774772475.4360626,publisher,ASCON-128a (ascon-c) (Byte Stream),51,,0.2721520004342892,115,64,5.9085,27516.0,...s....ai.SEL_421_SubCFG/LLN0$GO$PIOC...SEL_421_SubCFG/LLN0$PIOC.SEL_421_Sub.i...*...........,"{""pub_key_deriv_ms"": 0.2040939998551039, ""pub_nonce_ms"": 0.0016229996617767029, ""pub_encrypt_ms"": 0.06324900004983647, ""pub_total_crypto_ms"": 0.2721520004342892, ""pub_cpu_process_ms"": 0.286245, ""pub_peak_memory_bytes"": 2289}"
1774772475.4364548,subscriber,ASCON-128a (ascon-c) (Byte Stream),50,0.3064,0.2420,115,,6.6459,23800.0,...s....ai.SEL_421_SubCFG/LLN0$GO$PIOC...SEL_421_SubCFG/LLN0$PIOC.SEL_421_Sub.i...*...........,"{""sub_nonce_check_ms"": 0.005619999683403876, ""sub_key_deriv_ms"": 0.19033799981116317, ""sub_decrypt_ms"": 0.04279000040696701, ""sub_total_crypto_ms"": 0.24195500009227544, ""sub_cpu_process_ms"": 0.255656, ""sub_peak_memory_bytes"": 2325}"
1774772476.437248,publisher,ASCON-128a (ascon-c) (Byte Stream),52,,0.23030299962556455,115,64,6.9821,27516.0,...s....ai.SEL_421_SubCFG/LLN0$GO$PIOC...SEL_421_SubCFG/LLN0$PIOC.SEL_421_Sub.i...+...........,"{""pub_key_deriv_ms"": 0.183004000064102, ""pub_nonce_ms"": 0.0015630002963007428, ""pub_encrypt_ms"": 0.04355200053396402, ""pub_total_crypto_ms"": 0.23030299962556455, ""pub_cpu_process_ms"": 0.243914, ""pub_peak_memory_bytes"": 2289}"
1774772476.43769,subscriber,ASCON-128a (ascon-c) (Byte Stream),51,0.2077,0.1913,115,,8.4056,23800.0,...s....ai.SEL_421_SubCFG/LLN0$GO$PIOC...SEL_421_SubCFG/LLN0$PIOC.SEL_421_Sub.i...+...........,"{""sub_nonce_check_ms"": 0.004407999767863657, ""sub_key_deriv_ms"": 0.15017299938335782, ""sub_decrypt_ms"": 0.03348300015204586, ""sub_total_crypto_ms"": 0.19129999964206945, ""sub_cpu_process_ms"": 0.201974, ""sub_peak_memory_bytes"": 2325}"
1774772477.438414,publisher,ASCON-128a (ascon-c) (Byte Stream),53,,0.2877320002880879,115,64,5.5885,27516.0,"...s....ai.SEL_421_SubCFG/LLN0$GO$PIOC...SEL_421_SubCFG/LLN0$PIOC.SEL_421_Sub.i...,...........","{""pub_key_deriv_ms"": 0.2252829999633832, ""pub_nonce_ms"": 0.0021639998522005044, ""pub_encrypt_ms"": 0.057518000176060013, ""pub_total_crypto_ms"": 0.2877320002880879, ""pub_cpu_process_ms"": 0.303948, ""pub_peak_memory_bytes"": 2289}"
1774772477.4388587,subscriber,ASCON-128a (ascon-c) (Byte Stream),52,0.2239,0.2135,115,,7.5330,23800.0,"...s....ai.SEL_421_SubCFG/LLN0$GO$PIOC...SEL_421_SubCFG/LLN0$PIOC.SEL_421_Sub.i...,...........","{""sub_nonce_check_ms"": 0.004819000423594844, ""sub_key_deriv_ms"": 0.169068000104744, ""sub_decrypt_ms"": 0.036920000638929196, ""sub_total_crypto_ms"": 0.21346199991967296, ""sub_cpu_process_ms"": 0.22624, ""sub_peak_memory_bytes"": 2325}"
1774772478.4401846,publisher,ASCON-128a (ascon-c) (Byte Stream),54,,0.42449899956409354,115,64,3.7880,27516.0,...s....ai.SEL_421_SubCFG/LLN0$GO$PIOC...SEL_421_SubCFG/LLN0$PIOC.SEL_421_Sub.i...-...........,"{""pub_key_deriv_ms"": 0.3613799999584444, ""pub_nonce_ms"": 0.002234999556094408, ""pub_encrypt_ms"": 0.058379999245516956, ""pub_total_crypto_ms"": 0.42449899956409354, ""pub_cpu_process_ms"": 0.431089, ""pub_peak_memory_bytes"": 2289}"
1774772478.4405947,subscriber,ASCON-128a (ascon-c) (Byte Stream),53,0.1740,0.1893,115,,8.4951,23800.0,...s....ai.SEL_421_SubCFG/LLN0$GO$PIOC...SEL_421_SubCFG/LLN0$PIOC.SEL_421_Sub.i...-...........,"{""sub_nonce_check_ms"": 0.004999000339012127, ""sub_key_deriv_ms"": 0.14868000016576843, ""sub_decrypt_ms"": 0.033012000130838715, ""sub_total_crypto_ms"": 0.18928600002254825, ""sub_cpu_process_ms"": 0.19986, ""sub_peak_memory_bytes"": 2325}"
1774772479.442033,publisher,ASCON-128a (ascon-c) (Byte Stream),55,,0.4770380000991281,115,64,3.3708,27516.0,...s....ai.SEL_421_SubCFG/LLN0$GO$PIOC...SEL_421_SubCFG/LLN0$PIOC.SEL_421_Sub.i...............,"{""pub_key_deriv_ms"": 0.42065199977514567, ""pub_nonce_ms"": 0.0029149996407795697, ""pub_encrypt_ms"": 0.051095999879180454, ""pub_total_crypto_ms"": 0.4770380000991281, ""pub_cpu_process_ms"": 0.493268, ""pub_peak_memory_bytes"": 2289}"
1774772479.4431715,subscriber,ASCON-128a (ascon-c) (Byte Stream),54,0.2146,0.1932,115,,8.3224,23800.0,...s....ai.SEL_421_SubCFG/LLN0$GO$PIOC...SEL_421_SubCFG/LLN0$PIOC.SEL_421_Sub.i...............,"{""sub_nonce_check_ms"": 0.004678000550484285, ""sub_key_deriv_ms"": 0.15271699976437958, ""sub_decrypt_ms"": 0.03312199987703934, ""sub_total_crypto_ms"": 0.19321400031913072, ""sub_cpu_process_ms"": 0.20496, ""sub_peak_memory_bytes"": 2325}"
1774772480.4440205,publisher,ASCON-128a (ascon-c) (Byte Stream),56,,0.35221300004195655,115,64,4.5654,27516.0,...s....ai.SEL_421_SubCFG/LLN0$GO$PIOC...SEL_421_SubCFG/LLN0$PIOC.SEL_421_Sub.i.../...........,"{""pub_key_deriv_ms"": 0.2678440005183802, ""pub_nonce_ms"": 0.0028450003810576163, ""pub_encrypt_ms"": 0.0790190006227931, ""pub_total_crypto_ms"": 0.35221300004195655, ""pub_cpu_process_ms"": 0.367669, ""pub_peak_memory_bytes"": 2289}"
1774772480.4444633,subscriber,ASCON-128a (ascon-c) (Byte Stream),55,0.3471,0.2161,115,,7.4411,23800.0,...s....ai.SEL_421_SubCFG/LLN0$GO$PIOC...SEL_421_SubCFG/LLN0$PIOC.SEL_421_Sub.i.../...........,"{""sub_nonce_check_ms"": 0.0052400000640773214, ""sub_key_deriv_ms"": 0.1706610000837827, ""sub_decrypt_ms"": 0.0372199992852984, ""sub_total_crypto_ms"": 0.2160969997930806, ""sub_cpu_process_ms"": 0.228224, ""sub_peak_memory_bytes"": 2325}"
1774772481.4454863,publisher,ASCON-128a (ascon-c) (Byte Stream),57,,0.2516730000934331,115,64,6.3892,27516.0,...s....ai.SEL_421_SubCFG/LLN0$GO$PIOC...SEL_421_SubCFG/LLN0$PIOC.SEL_421_Sub.i...0...........,"{""pub_key_deriv_ms"": 0.20070700065843994, ""pub_nonce_ms"": 0.001814000825106632, ""pub_encrypt_ms"": 0.04638700011128094, ""pub_total_crypto_ms"": 0.2516730000934331, ""pub_cpu_process_ms"": 0.266466, ""pub_peak_memory_bytes"": 2289}"
1774772481.445889,subscriber,ASCON-128a (ascon-c) (Byte Stream),56,0.2019,0.2161,115,,7.4411,23800.0,...s....ai.SEL_421_SubCFG/LLN0$GO$PIOC...SEL_421_SubCFG/LLN0$PIOC.SEL_421_Sub.i...0...........,"{""sub_nonce_check_ms"": 0.004919000275549479, ""sub_key_deriv_ms"": 0.1702800000202842, ""sub_decrypt_ms"": 0.03801100046985084, ""sub_total_crypto_ms"": 0.21609599934890866, ""sub_cpu_process_ms"": 0.229526, ""sub_peak_memory_bytes"": 2325}"
1774772482.4513812,publisher,ASCON-128a (ascon-c) (Byte Stream),58,,0.25264500072808005,115,64,6.3647,27516.0,...s....ai.SEL_421_SubCFG/LLN0$GO$PIOC...SEL_421_SubCFG/LLN0$PIOC.SEL_421_Sub.i...1...........,"{""pub_key_deriv_ms"": 0.19553799938876182, ""pub_nonce_ms"": 0.0017130005289800465, ""pub_encrypt_ms"": 0.053200000365905, ""pub_total_crypto_ms"": 0.25264500072808005, ""pub_cpu_process_ms"": 0.265936, ""pub_peak_memory_bytes"": 2289}"
1774772482.452562,subscriber,ASCON-128a (ascon-c) (Byte Stream),57,0.8879,0.2388,115,,6.7331,23800.0,...s....ai.SEL_421_SubCFG/LLN0$GO$PIOC...SEL_421_SubCFG/LLN0$PIOC.SEL_421_Sub.i...1...........,"{""sub_nonce_check_ms"": 0.00532000012753997, ""sub_key_deriv_ms"": 0.18488699970475864, ""sub_decrypt_ms"": 0.04526499924395466, ""sub_total_crypto_ms"": 0.2388200000495999, ""sub_cpu_process_ms"": 0.251418, ""sub_peak_memory_bytes"": 2325}"
1774772483.4535484,publisher,ASCON-128a (ascon-c) (Byte Stream),59,,0.568829999792797,115,64,2.8269,27516.0,...s....ai.SEL_421_SubCFG/LLN0$GO$PIOC...SEL_421_SubCFG/LLN0$PIOC.SEL_421_Sub.i...2...........,"{""pub_key_deriv_ms"": 0.20197000048938207, ""pub_nonce_ms"": 0.31179699999484, ""pub_encrypt_ms"": 0.05184800011193147, ""pub_total_crypto_ms"": 0.568829999792797, ""pub_cpu_process_ms"": 0.277643, ""pub_peak_memory_bytes"": 2289}"
1774772483.4543319,subscriber,ASCON-128a (ascon-c) (Byte Stream),58,0.3216,0.4181,115,,3.8455,23800.0,...s....ai.SEL_421_SubCFG/LLN0$GO$PIOC...SEL_421_SubCFG/LLN0$PIOC.SEL_421_Sub.i...2...........,"{""sub_nonce_check_ms"": 0.005259999852569308, ""sub_key_deriv_ms"": 0.37632800012943335, ""sub_decrypt_ms"": 0.03348300015204586, ""sub_total_crypto_ms"": 0.41814699943643063, ""sub_cpu_process_ms"": 0.336154, ""sub_peak_memory_bytes"": 2325}"
1774772484.455939,publisher,ASCON-128a (ascon-c) (Byte Stream),60,,0.30280999999376945,115,64,5.3103,27516.0,...s....ai.SEL_421_SubCFG/LLN0$GO$PIOC...SEL_421_SubCFG/LLN0$PIOC.SEL_421_Sub.i...3...........,"{""pub_key_deriv_ms"": 0.22544399962498574, ""pub_nonce_ms"": 0.0019340004655532539, ""pub_encrypt_ms"": 0.07205499969131779, ""pub_total_crypto_ms"": 0.30280999999376945, ""pub_cpu_process_ms"": 0.318326, ""pub_peak_memory_bytes"": 2289}"
1774772484.4564853,subscriber,ASCON-128a (ascon-c) (Byte Stream),59,0.3643,0.4043,115,,3.9769,23800.0,...s....ai.SEL_421_SubCFG/LLN0$GO$PIOC...SEL_421_SubCFG/LLN0$PIOC.SEL_421_Sub.i...3...........,"{""sub_nonce_check_ms"": 0.0054299998737405986, ""sub_key_deriv_ms"": 0.3562600004443084, ""sub_decrypt_ms"": 0.03910300074494444, ""sub_total_crypto_ms"": 0.4043400003865827, ""sub_cpu_process_ms"": 0.418095, ""sub_peak_memory_bytes"": 2325}"
1774772485.4663992,publisher,ASCON-128a (ascon-c) (Byte Stream),61,,0.26753299971460365,115,64,6.0105,27516.0,...s....ai.SEL_421_SubCFG/LLN0$GO$PIOC...SEL_421_SubCFG/LLN0$PIOC.SEL_421_Sub.i...4...........,"{""pub_key_deriv_ms"": 0.21470399951795116, ""pub_nonce_ms"": 0.0017740003386279568, ""pub_encrypt_ms"": 0.04857099975197343, ""pub_total_crypto_ms"": 0.26753299971460365, ""pub_cpu_process_ms"": 0.28417, ""pub_peak_memory_bytes"": 2289}"
1774772485.4668493,subscriber,ASCON-128a (ascon-c) (Byte Stream),60,0.2170,0.1954,115,,8.2286,23800.0,...s....ai.SEL_421_SubCFG/LLN0$GO$PIOC...SEL_421_SubCFG/LLN0$PIOC.SEL_421_Sub.i...4...........,"{""sub_nonce_check_ms"": 0.0044779999370803125, ""sub_key_deriv_ms"": 0.15447100031451555, ""sub_decrypt_ms"": 0.033944000279007014, ""sub_total_crypto_ms"": 0.19541700021363795, ""sub_cpu_process_ms"": 0.206453, ""sub_peak_memory_bytes"": 2325}"
1774772486.4683328,publisher,ASCON-128a (ascon-c) (Byte Stream),62,,0.2983109998240252,115,64,5.3903,27516.0,...s....ai.SEL_421_SubCFG/LLN0$GO$PIOC...SEL_421_SubCFG/LLN0$PIOC.SEL_421_Sub.i...5...........,"{""pub_key_deriv_ms"": 0.21775900040665874, ""pub_nonce_ms"": 0.0017329994079773314, ""pub_encrypt_ms"": 0.07611399996676482, ""pub_total_crypto_ms"": 0.2983109998240252, ""pub_cpu_process_ms"": 0.319037, ""pub_peak_memory_bytes"": 2289}"
1774772486.4688804,subscriber,ASCON-128a (ascon-c) (Byte Stream),61,0.2244,0.2488,115,,6.4633,23800.0,...s....ai.SEL_421_SubCFG/LLN0$GO$PIOC...SEL_421_SubCFG/LLN0$PIOC.SEL_421_Sub.i...5...........,"{""sub_nonce_check_ms"": 0.004859000000578817, ""sub_key_deriv_ms"": 0.20540599962259876, ""sub_decrypt_ms"": 0.035046000448346604, ""sub_total_crypto_ms"": 0.24878800013539148, ""sub_cpu_process_ms"": 0.293448, ""sub_peak_memory_bytes"": 2325}"
1774772487.4695382,publisher,ASCON-128a (ascon-c) (Byte Stream),63,,0.25804500000958797,115,64,6.2315,27516.0,...s....ai.SEL_421_SubCFG/LLN0$GO$PIOC...SEL_421_SubCFG/LLN0$PIOC.SEL_421_Sub.i...6...........,"{""pub_key_deriv_ms"": 0.19131000044581015, ""pub_nonce_ms"": 0.001543000507808756, ""pub_encrypt_ms"": 0.06269799996516667, ""pub_total_crypto_ms"": 0.25804500000958797, ""pub_cpu_process_ms"": 0.271837, ""pub_peak_memory_bytes"": 2289}"
1774772487.47025,subscriber,ASCON-128a (ascon-c) (Byte Stream),62,0.2320,0.4407,115,,3.6488,23800.0,...s....ai.SEL_421_SubCFG/LLN0$GO$PIOC...SEL_421_SubCFG/LLN0$PIOC.SEL_421_Sub.i...6...........,"{""sub_nonce_check_ms"": 0.004970000190951396, ""sub_key_deriv_ms"": 0.161232999744243, ""sub_decrypt_ms"": 0.27119000060338294, ""sub_total_crypto_ms"": 0.4406889993333607, ""sub_cpu_process_ms"": 0.454534, ""sub_peak_memory_bytes"": 2325}"
1774772488.473296,publisher,ASCON-128a (ascon-c) (Byte Stream),64,,0.39679600013187155,115,64,4.0525,27516.0,...s....ai.SEL_421_SubCFG/LLN0$GO$PIOC...SEL_421_SubCFG/LLN0$PIOC.SEL_421_Sub.i...7...........,"{""pub_key_deriv_ms"": 0.2921490004155203, ""pub_nonce_ms"": 0.003326000296510756, ""pub_encrypt_ms"": 0.09680200037109898, ""pub_total_crypto_ms"": 0.39679600013187155, ""pub_cpu_process_ms"": 0.418686, ""pub_peak_memory_bytes"": 2289}"
1774772488.4745789,subscriber,ASCON-128a (ascon-c) (Byte Stream),63,0.4125,0.2481,115,,6.4800,23800.0,...s....ai.SEL_421_SubCFG/LLN0$GO$PIOC...SEL_421_SubCFG/LLN0$PIOC.SEL_421_Sub.i...7...........,"{""sub_nonce_check_ms"": 0.005410000085248612, ""sub_key_deriv_ms"": 0.19690000044647604, ""sub_decrypt_ms"": 0.04236899985698983, ""sub_total_crypto_ms"": 0.24814700009301305, ""sub_cpu_process_ms"": 0.52582, ""sub_peak_memory_bytes"": 2325}"
1774772489.4757442,subscriber,ASCON-128a (ascon-c) (Byte Stream),64,0.0551,0.2590,115,,6.2076,23800.0,...s....ai.SEL_421_SubCFG/LLN0$GO$PIOC...SEL_421_SubCFG/LLN0$PIOC.SEL_421_Sub.i...8...........,"{""sub_nonce_check_ms"": 0.005089999831398018, ""sub_key_deriv_ms"": 0.19348399928276194, ""sub_decrypt_ms"": 0.057387999731872696, ""sub_total_crypto_ms"": 0.2590370004327269, ""sub_cpu_process_ms"": 0.27313, ""sub_peak_memory_bytes"": 2325}"
1774772489.4759364,publisher,ASCON-128a (ascon-c) (Byte Stream),65,,0.31292800031224033,115,64,5.1386,27516.0,...s....ai.SEL_421_SubCFG/LLN0$GO$PIOC...SEL_421_SubCFG/LLN0$PIOC.SEL_421_Sub.i...8...........,"{""pub_key_deriv_ms"": 0.23090400009095902, ""pub_nonce_ms"": 0.002243999915663153, ""pub_encrypt_ms"": 0.07635300062247552, ""pub_total_crypto_ms"": 0.31292800031224033, ""pub_cpu_process_ms"": 0.330028, ""pub_peak_memory_bytes"": 2289}"
1774772490.4786952,publisher,ASCON-128a (ascon-c) (Byte Stream),66,,0.8321659997818642,115,64,1.9323,27516.0,...s....ai.SEL_421_SubCFG/LLN0$GO$PIOC...SEL_421_SubCFG/LLN0$PIOC.SEL_421_Sub.i...9...........,"{""pub_key_deriv_ms"": 0.6194449997565243, ""pub_nonce_ms"": 0.005670999598805793, ""pub_encrypt_ms"": 0.1988140002140426, ""pub_total_crypto_ms"": 0.8321659997818642, ""pub_cpu_process_ms"": 0.886296, ""pub_peak_memory_bytes"": 2289}"
1774772490.4800167,subscriber,ASCON-128a (ascon-c) (Byte Stream),65,0.7143,0.5308,115,,3.0293,23800.0,...s....ai.SEL_421_SubCFG/LLN0$GO$PIOC...SEL_421_SubCFG/LLN0$PIOC.SEL_421_Sub.i...9...........,"{""sub_nonce_check_ms"": 0.009207000402966514, ""sub_key_deriv_ms"": 0.4027779996249592, ""sub_decrypt_ms"": 0.11225100024603307, ""sub_total_crypto_ms"": 0.5308079998940229, ""sub_cpu_process_ms"": 0.555336, ""sub_peak_memory_bytes"": 2325}"
1774772491.4814398,publisher,ASCON-128a (ascon-c) (Byte Stream),67,,0.3461719998085755,115,64,4.6451,27516.0,...s....ai.SEL_421_SubCFG/LLN0$GO$PIOC...SEL_421_SubCFG/LLN0$PIOC.SEL_421_Sub.i...:...........,"{""pub_key_deriv_ms"": 0.2593480003270088, ""pub_nonce_ms"": 0.002734999725362286, ""pub_encrypt_ms"": 0.08078200062300311, ""pub_total_crypto_ms"": 0.3461719998085755, ""pub_cpu_process_ms"": 0.364794, ""pub_peak_memory_bytes"": 2289}"
1774772491.4819784,subscriber,ASCON-128a (ascon-c) (Byte Stream),66,0.2673,0.4461,115,,3.6046,23800.0,...s....ai.SEL_421_SubCFG/LLN0$GO$PIOC...SEL_421_SubCFG/LLN0$PIOC.SEL_421_Sub.i...:...........,"{""sub_nonce_check_ms"": 0.005529999725695234, ""sub_key_deriv_ms"": 0.23567400057800114, ""sub_decrypt_ms"": 0.2012189997913083, ""sub_total_crypto_ms"": 0.446099000328104, ""sub_cpu_process_ms"": 0.460636, ""sub_peak_memory_bytes"": 2325}"
1774772492.4824617,publisher,ASCON-128a (ascon-c) (Byte Stream),68,,0.28286300039326306,115,64,5.6847,27516.0,...s....ai.SEL_421_SubCFG/LLN0$GO$PIOC...SEL_421_SubCFG/LLN0$PIOC.SEL_421_Sub.i...;...........,"{""pub_key_deriv_ms"": 0.22211799932847498, ""pub_nonce_ms"": 0.0027149999368702993, ""pub_encrypt_ms"": 0.054862999604665674, ""pub_total_crypto_ms"": 0.28286300039326306, ""pub_cpu_process_ms"": 0.298617, ""pub_peak_memory_bytes"": 2289}"
1774772492.483179,subscriber,ASCON-128a (ascon-c) (Byte Stream),67,0.2775,0.4688,115,,3.4298,23800.0,...s....ai.SEL_421_SubCFG/LLN0$GO$PIOC...SEL_421_SubCFG/LLN0$PIOC.SEL_421_Sub.i...;...........,"{""sub_nonce_check_ms"": 0.0054299998737405986, ""sub_key_deriv_ms"": 0.4169249996266444, ""sub_decrypt_ms"": 0.04239000008965377, ""sub_total_crypto_ms"": 0.4688319995693746, ""sub_cpu_process_ms"": 0.484431, ""sub_peak_memory_bytes"": 2325}"
1774772493.4841135,publisher,ASCON-128a (ascon-c) (Byte Stream),69,,0.6454199992731446,115,64,2.4914,27516.0,...s....ai.SEL_421_SubCFG/LLN0$GO$PIOC...SEL_421_SubCFG/LLN0$PIOC.SEL_421_Sub.i...<...........,"{""pub_key_deriv_ms"": 0.3262589998485055, ""pub_nonce_ms"": 0.004298000021663029, ""pub_encrypt_ms"": 0.3105039995716652, ""pub_total_crypto_ms"": 0.6454199992731446, ""pub_cpu_process_ms"": 0.664398, ""pub_peak_memory_bytes"": 2289}"
1774772493.4847362,subscriber,ASCON-128a (ascon-c) (Byte Stream),68,0.2277,0.2957,115,,5.4382,23800.0,...s....ai.SEL_421_SubCFG/LLN0$GO$PIOC...SEL_421_SubCFG/LLN0$PIOC.SEL_421_Sub.i...<...........,"{""sub_nonce_check_ms"": 0.005531000169867184, ""sub_key_deriv_ms"": 0.23561400030303048, ""sub_decrypt_ms"": 0.05037500068283407, ""sub_total_crypto_ms"": 0.29568599984486355, ""sub_cpu_process_ms"": 0.311753, ""sub_peak_memory_bytes"": 2325}"
1774772494.486998,publisher,ASCON-128a (ascon-c) (Byte Stream),70,,0.3501490000417107,115,64,4.5923,27516.0,...s....ai.SEL_421_SubCFG/LLN0$GO$PIOC...SEL_421_SubCFG/LLN0$PIOC.SEL_421_Sub.i...=...........,"{""pub_key_deriv_ms"": 0.26393699954496697, ""pub_nonce_ms"": 0.0023040001906338148, ""pub_encrypt_ms"": 0.08039099975576391, ""pub_total_crypto_ms"": 0.3501490000417107, ""pub_cpu_process_ms"": 0.367538, ""pub_peak_memory_bytes"": 2289}"
1774772494.4895077,subscriber,ASCON-128a (ascon-c) (Byte Stream),69,0.9902,0.2543,115,,6.3235,23800.0,...s....ai.SEL_421_SubCFG/LLN0$GO$PIOC...SEL_421_SubCFG/LLN0$PIOC.SEL_421_Sub.i...=...........,"{""sub_nonce_check_ms"": 0.005210000381339341, ""sub_key_deriv_ms"": 0.1995860002352856, ""sub_decrypt_ms"": 0.04581699977279641, ""sub_total_crypto_ms"": 0.25428800017834874, ""sub_cpu_process_ms"": 0.26805, ""sub_peak_memory_bytes"": 2325}"
1774772495.4888933,publisher,ASCON-128a (ascon-c) (Byte Stream),71,,0.33707399961713236,115,64,4.7705,27516.0,...s....ai.SEL_421_SubCFG/LLN0$GO$PIOC...SEL_421_SubCFG/LLN0$PIOC.SEL_421_Sub.i...>...........,"{""pub_key_deriv_ms"": 0.2677140000741929, ""pub_nonce_ms"": 0.003897999704349786, ""pub_encrypt_ms"": 0.06220700015546754, ""pub_total_crypto_ms"": 0.33707399961713236, ""pub_cpu_process_ms"": 0.354474, ""pub_peak_memory_bytes"": 2289}"
1774772495.4894602,subscriber,ASCON-128a (ascon-c) (Byte Stream),70,0.2453,0.2553,115,,6.2980,23800.0,...s....ai.SEL_421_SubCFG/LLN0$GO$PIOC...SEL_421_SubCFG/LLN0$PIOC.SEL_421_Sub.i...>...........,"{""sub_nonce_check_ms"": 0.005079999937152024, ""sub_key_deriv_ms"": 0.20154000048933085, ""sub_decrypt_ms"": 0.04517500019574072, ""sub_total_crypto_ms"": 0.2553200001784717, ""sub_cpu_process_ms"": 0.270123, ""sub_peak_memory_bytes"": 2325}"
1774772496.4941308,publisher,ASCON-128a (ascon-c) (Byte Stream),72,,0.42336699971201597,115,64,3.7981,27516.0,...s....ai.SEL_421_SubCFG/LLN0$GO$PIOC...SEL_421_SubCFG/LLN0$PIOC.SEL_421_Sub.i...?...........,"{""pub_key_deriv_ms"": 0.36290299976826645, ""pub_nonce_ms"": 0.00237400035985047, ""pub_encrypt_ms"": 0.05533399962587282, ""pub_total_crypto_ms"": 0.42336699971201597, ""pub_cpu_process_ms"": 0.345679, ""pub_peak_memory_bytes"": 2289}"
1774772496.4945335,subscriber,ASCON-128a (ascon-c) (Byte Stream),71,0.3202,0.2519,115,,6.3824,23800.0,...s....ai.SEL_421_SubCFG/LLN0$GO$PIOC...SEL_421_SubCFG/LLN0$PIOC.SEL_421_Sub.i...?...........,"{""sub_nonce_check_ms"": 0.005220000275585335, ""sub_key_deriv_ms"": 0.19746100042539183, ""sub_decrypt_ms"": 0.045354999201663304, ""sub_total_crypto_ms"": 0.25194400041073095, ""sub_cpu_process_ms"": 0.266356, ""sub_peak_memory_bytes"": 2325}"
1774772497.495805,publisher,ASCON-128a (ascon-c) (Byte Stream),73,,0.3219560003344668,115,64,4.9945,27516.0,...s....ai.SEL_421_SubCFG/LLN0$GO$PIOC...SEL_421_SubCFG/LLN0$PIOC.SEL_421_Sub.i...@...........,"{""pub_key_deriv_ms"": 0.25481899956503185, ""pub_nonce_ms"": 0.002705000042624306, ""pub_encrypt_ms"": 0.06162599947856506, ""pub_total_crypto_ms"": 0.3219560003344668, ""pub_cpu_process_ms"": 0.343453, ""pub_peak_memory_bytes"": 2289}"
1774772497.4965315,subscriber,ASCON-128a (ascon-c) (Byte Stream),72,0.2463,0.2607,115,,6.1682,23800.0,...s....ai.SEL_421_SubCFG/LLN0$GO$PIOC...SEL_421_SubCFG/LLN0$PIOC.SEL_421_Sub.i...@...........,"{""sub_nonce_check_ms"": 0.004749000254378188, ""sub_key_deriv_ms"": 0.20417399991856655, ""sub_decrypt_ms"": 0.047620000259485096, ""sub_total_crypto_ms"": 0.26069099931191886, ""sub_cpu_process_ms"": 0.275213, ""sub_peak_memory_bytes"": 2325}"
1774772498.5002086,publisher,ASCON-128a (ascon-c) (Byte Stream),74,,0.7929419998617959,115,64,2.0279,27516.0,...s....ai.SEL_421_SubCFG/LLN0$GO$PIOC...SEL_421_SubCFG/LLN0$PIOC.SEL_421_Sub.i...A...........,"{""pub_key_deriv_ms"": 0.7007479998719646, ""pub_nonce_ms"": 0.003756999831239227, ""pub_encrypt_ms"": 0.08456900013698032, ""pub_total_crypto_ms"": 0.7929419998617959, ""pub_cpu_process_ms"": 0.812034, ""pub_peak_memory_bytes"": 2289}"
1774772498.5032687,subscriber,ASCON-128a (ascon-c) (Byte Stream),73,0.0868,1.4372,115,,1.1189,23800.0,...s....ai.SEL_421_SubCFG/LLN0$GO$PIOC...SEL_421_SubCFG/LLN0$PIOC.SEL_421_Sub.i...A...........,"{""sub_nonce_check_ms"": 0.006232000487216283, ""sub_key_deriv_ms"": 1.372892999825126, ""sub_decrypt_ms"": 0.0537410005563288, ""sub_total_crypto_ms"": 1.4371630004461622, ""sub_cpu_process_ms"": 1.455248, ""sub_peak_memory_bytes"": 2325}"
1774772499.5016663,publisher,ASCON-128a (ascon-c) (Byte Stream),75,,0.25829600053839386,115,64,6.2254,27516.0,...s....ai.SEL_421_SubCFG/LLN0$GO$PIOC...SEL_421_SubCFG/LLN0$PIOC.SEL_421_Sub.i...B...........,"{""pub_key_deriv_ms"": 0.20258099993952783, ""pub_nonce_ms"": 0.0017630000002100132, ""pub_encrypt_ms"": 0.05205799971008673, ""pub_total_crypto_ms"": 0.25829600053839386, ""pub_cpu_process_ms"": 0.271245, ""pub_peak_memory_bytes"": 2289}"
1774772499.5021691,subscriber,ASCON-128a (ascon-c) (Byte Stream),74,0.2198,0.2292,115,,7.0169,23800.0,...s....ai.SEL_421_SubCFG/LLN0$GO$PIOC...SEL_421_SubCFG/LLN0$PIOC.SEL_421_Sub.i...B...........,"{""sub_nonce_check_ms"": 0.0046889999794075266, ""sub_key_deriv_ms"": 0.18210199959867168, ""sub_decrypt_ms"": 0.0395440001739189, ""sub_total_crypto_ms"": 0.229160999879241, ""sub_cpu_process_ms"": 0.242321, ""sub_peak_memory_bytes"": 2325}"
1774772500.503761,publisher,ASCON-128a (ascon-c) (Byte Stream),76,,0.43136200019944226,115,64,3.7277,27516.0,...s....ai.SEL_421_SubCFG/LLN0$GO$PIOC...SEL_421_SubCFG/LLN0$PIOC.SEL_421_Sub.i...C...........,"{""pub_key_deriv_ms"": 0.3234289997635642, ""pub_nonce_ms"": 0.0029559996619354934, ""pub_encrypt_ms"": 0.10154099982173648, ""pub_total_crypto_ms"": 0.43136200019944226, ""pub_cpu_process_ms"": 0.453282, ""pub_peak_memory_bytes"": 2289}"
1774772500.5047169,subscriber,ASCON-128a (ascon-c) (Byte Stream),75,0.3278,0.4861,115,,3.3078,23800.0,...s....ai.SEL_421_SubCFG/LLN0$GO$PIOC...SEL_421_SubCFG/LLN0$PIOC.SEL_421_Sub.i...C...........,"{""sub_nonce_check_ms"": 0.00871599968377268, ""sub_key_deriv_ms"": 0.3660989996205899, ""sub_decrypt_ms"": 0.10660000043571927, ""sub_total_crypto_ms"": 0.4861249999521533, ""sub_cpu_process_ms"": 0.512976, ""sub_peak_memory_bytes"": 2325}"
1774772501.5064883,publisher,ASCON-128a (ascon-c) (Byte Stream),77,,0.3659290005089133,115,64,4.3943,27516.0,...s....ai.SEL_421_SubCFG/LLN0$GO$PIOC...SEL_421_SubCFG/LLN0$PIOC.SEL_421_Sub.i...D...........,"{""pub_key_deriv_ms"": 0.2845959998012404, ""pub_nonce_ms"": 0.003377000211912673, ""pub_encrypt_ms"": 0.0742799993531662, ""pub_total_crypto_ms"": 0.3659290005089133, ""pub_cpu_process_ms"": 0.384501, ""pub_peak_memory_bytes"": 2289}"
1774772501.5070689,subscriber,ASCON-128a (ascon-c) (Byte Stream),76,0.2627,0.2611,115,,6.1583,23800.0,...s....ai.SEL_421_SubCFG/LLN0$GO$PIOC...SEL_421_SubCFG/LLN0$PIOC.SEL_421_Sub.i...D...........,"{""sub_nonce_check_ms"": 0.008326000170200132, ""sub_key_deriv_ms"": 0.20310200034145964, ""sub_decrypt_ms"": 0.04619700030161766, ""sub_total_crypto_ms"": 0.2611109994177241, ""sub_cpu_process_ms"": 0.276456, ""sub_peak_memory_bytes"": 10517}"
1774772502.5082436,publisher,ASCON-128a (ascon-c) (Byte Stream),78,,0.8018890002858825,115,64,2.0053,27516.0,...s....ai.SEL_421_SubCFG/LLN0$GO$PIOC...SEL_421_SubCFG/LLN0$PIOC.SEL_421_Sub.i...E...........,"{""pub_key_deriv_ms"": 0.7489990002795821, ""pub_nonce_ms"": 0.003015999936906155, ""pub_encrypt_ms"": 0.047278999772970565, ""pub_total_crypto_ms"": 0.8018890002858825, ""pub_cpu_process_ms"": 0.433328, ""pub_peak_memory_bytes"": 2289}"
1774772502.5087352,subscriber,ASCON-128a (ascon-c) (Byte Stream),77,0.1957,0.2837,115,,5.6679,23800.0,...s....ai.SEL_421_SubCFG/LLN0$GO$PIOC...SEL_421_SubCFG/LLN0$PIOC.SEL_421_Sub.i...E...........,"{""sub_nonce_check_ms"": 0.006913000106578693, ""sub_key_deriv_ms"": 0.23246700038725976, ""sub_decrypt_ms"": 0.04080599956068909, ""sub_total_crypto_ms"": 0.28370400013955077, ""sub_cpu_process_ms"": 0.302576, ""sub_peak_memory_bytes"": 2325}"
1774772503.510803,publisher,ASCON-128a (ascon-c) (Byte Stream),79,,0.39956199998414377,115,64,4.0244,27516.0,...s....ai.SEL_421_SubCFG/LLN0$GO$PIOC...SEL_421_SubCFG/LLN0$PIOC.SEL_421_Sub.i...F...........,"{""pub_key_deriv_ms"": 0.28927499988640193, ""pub_nonce_ms"": 0.0029660004656761885, ""pub_encrypt_ms"": 0.10270299935655203, ""pub_total_crypto_ms"": 0.39956199998414377, ""pub_cpu_process_ms"": 0.420079, ""pub_peak_memory_bytes"": 2289}"
1774772503.511429,subscriber,ASCON-128a (ascon-c) (Byte Stream),78,0.2871,0.2641,115,,6.0896,23800.0,...s....ai.SEL_421_SubCFG/LLN0$GO$PIOC...SEL_421_SubCFG/LLN0$PIOC.SEL_421_Sub.i...F...........,"{""sub_nonce_check_ms"": 0.005781000254501123, ""sub_key_deriv_ms"": 0.20597700040525524, ""sub_decrypt_ms"": 0.04864099992119009, ""sub_total_crypto_ms"": 0.26405599965073634, ""sub_cpu_process_ms"": 0.280434, ""sub_peak_memory_bytes"": 2325}"
1774772504.5162354,publisher,ASCON-128a (ascon-c) (Byte Stream),80,,0.3627420001066639,115,64,4.4329,27516.0,...s....ai.SEL_421_SubCFG/LLN0$GO$PIOC...SEL_421_SubCFG/LLN0$PIOC.SEL_421_Sub.i...G...........,"{""pub_key_deriv_ms"": 0.29132799954822985, ""pub_nonce_ms"": 0.00297599945042748, ""pub_encrypt_ms"": 0.06441200002882397, ""pub_total_crypto_ms"": 0.3627420001066639, ""pub_cpu_process_ms"": 0.385884, ""pub_peak_memory_bytes"": 2289}"
1774772504.5173426,subscriber,ASCON-128a (ascon-c) (Byte Stream),79,0.5586,0.5124,115,,3.1380,23800.0,...s....ai.SEL_421_SubCFG/LLN0$GO$PIOC...SEL_421_SubCFG/LLN0$PIOC.SEL_421_Sub.i...G...........,"{""sub_nonce_check_ms"": 0.0065229996835114434, ""sub_key_deriv_ms"": 0.45385399971564766, ""sub_decrypt_ms"": 0.04760000047099311, ""sub_total_crypto_ms"": 0.5124340004840633, ""sub_cpu_process_ms"": 0.530529, ""sub_peak_memory_bytes"": 2325}"
1774772505.525447,publisher,ASCON-128a (ascon-c) (Byte Stream),81,,0.2681149999261834,115,64,5.9974,27516.0,...s....ai.SEL_421_SubCFG/LLN0$GO$PIOC...SEL_421_SubCFG/LLN0$PIOC.SEL_421_Sub.i...H...........,"{""pub_key_deriv_ms"": 0.19738199989660643, ""pub_nonce_ms"": 0.0016829999367473647, ""pub_encrypt_ms"": 0.06598399977519875, ""pub_total_crypto_ms"": 0.2681149999261834, ""pub_cpu_process_ms"": 0.283539, ""pub_peak_memory_bytes"": 2289}"
1774772505.52782,subscriber,ASCON-128a (ascon-c) (Byte Stream),80,0.9449,0.2568,115,,6.2616,23800.0,...s....ai.SEL_421_SubCFG/LLN0$GO$PIOC...SEL_421_SubCFG/LLN0$PIOC.SEL_421_Sub.i...H...........,"{""sub_nonce_check_ms"": 0.004468999577511568, ""sub_key_deriv_ms"": 0.21130799996171845, ""sub_decrypt_ms"": 0.037480000173673034, ""sub_total_crypto_ms"": 0.25680300041130977, ""sub_cpu_process_ms"": 0.269743, ""sub_peak_memory_bytes"": 2325}"
1774772506.5278199,subscriber,ASCON-128a (ascon-c) (Byte Stream),81,0.0885,0.3000,115,,5.3603,23800.0,...s....ai.SEL_421_SubCFG/LLN0$GO$PIOC...SEL_421_SubCFG/LLN0$PIOC.SEL_421_Sub.i...I...........,"{""sub_nonce_check_ms"": 0.0065420008468208835, ""sub_key_deriv_ms"": 0.24686399956408422, ""sub_decrypt_ms"": 0.042720000237750355, ""sub_total_crypto_ms"": 0.2999850003106985, ""sub_cpu_process_ms"": 0.317684, ""sub_peak_memory_bytes"": 2325}"
1774772506.5284839,publisher,ASCON-128a (ascon-c) (Byte Stream),82,,0.9269029997085454,115,64,1.7348,27516.0,...s....ai.SEL_421_SubCFG/LLN0$GO$PIOC...SEL_421_SubCFG/LLN0$PIOC.SEL_421_Sub.i...I...........,"{""pub_key_deriv_ms"": 0.30227900060708635, ""pub_nonce_ms"": 0.5338249993656063, ""pub_encrypt_ms"": 0.08473900015815161, ""pub_total_crypto_ms"": 0.9269029997085454, ""pub_cpu_process_ms"": 0.560081, ""pub_peak_memory_bytes"": 2289}"
1774772507.5320153,publisher,ASCON-128a (ascon-c) (Byte Stream),83,,0.36891400031890953,115,64,4.3587,27516.0,...s....ai.SEL_421_SubCFG/LLN0$GO$PIOC...SEL_421_SubCFG/LLN0$PIOC.SEL_421_Sub.i...J...........,"{""pub_key_deriv_ms"": 0.24536100045224885, ""pub_nonce_ms"": 0.002245000359835103, ""pub_encrypt_ms"": 0.11794200054282555, ""pub_total_crypto_ms"": 0.36891400031890953, ""pub_cpu_process_ms"": 0.385824, ""pub_peak_memory_bytes"": 2289}"
1774772507.5335572,subscriber,ASCON-128a (ascon-c) (Byte Stream),82,1.1289,0.3307,115,,4.8630,23800.0,...s....ai.SEL_421_SubCFG/LLN0$GO$PIOC...SEL_421_SubCFG/LLN0$PIOC.SEL_421_Sub.i...J...........,"{""sub_nonce_check_ms"": 0.006092000148782972, ""sub_key_deriv_ms"": 0.26503899971430656, ""sub_decrypt_ms"": 0.05529400004888885, ""sub_total_crypto_ms"": 0.3306620001239935, ""sub_cpu_process_ms"": 0.348513, ""sub_peak_memory_bytes"": 2325}"
1774772508.535424,publisher,ASCON-128a (ascon-c) (Byte Stream),84,,0.2644679998411448,115,64,6.0801,27516.0,...s....ai.SEL_421_SubCFG/LLN0$GO$PIOC...SEL_421_SubCFG/LLN0$PIOC.SEL_421_Sub.i...K...........,"{""pub_key_deriv_ms"": 0.20837200008827494, ""pub_nonce_ms"": 0.0018529999579186551, ""pub_encrypt_ms"": 0.05151599998498568, ""pub_total_crypto_ms"": 0.2644679998411448, ""pub_cpu_process_ms"": 0.27911, ""pub_peak_memory_bytes"": 2289}"
1774772508.536785,subscriber,ASCON-128a (ascon-c) (Byte Stream),83,0.2289,0.3081,115,,5.2198,23800.0,...s....ai.SEL_421_SubCFG/LLN0$GO$PIOC...SEL_421_SubCFG/LLN0$PIOC.SEL_421_Sub.i...K...........,"{""sub_nonce_check_ms"": 0.005580000106419902, ""sub_key_deriv_ms"": 0.2635359996929765, ""sub_decrypt_ms"": 0.035787000342679676, ""sub_total_crypto_ms"": 0.30805999995209277, ""sub_cpu_process_ms"": 0.324397, ""sub_peak_memory_bytes"": 2325}"
1774772509.5385933,publisher,ASCON-128a (ascon-c) (Byte Stream),85,,0.774647000071127,115,64,2.0758,27516.0,...s....ai.SEL_421_SubCFG/LLN0$GO$PIOC...SEL_421_SubCFG/LLN0$PIOC.SEL_421_Sub.i...L...........,"{""pub_key_deriv_ms"": 0.696050000442483, ""pub_nonce_ms"": 0.004167999577475712, ""pub_encrypt_ms"": 0.07161499979702057, ""pub_total_crypto_ms"": 0.774647000071127, ""pub_cpu_process_ms"": 0.795283, ""pub_peak_memory_bytes"": 2289}"
1774772509.539256,subscriber,ASCON-128a (ascon-c) (Byte Stream),84,0.2842,0.3783,115,,4.2507,23800.0,...s....ai.SEL_421_SubCFG/LLN0$GO$PIOC...SEL_421_SubCFG/LLN0$PIOC.SEL_421_Sub.i...L...........,"{""sub_nonce_check_ms"": 0.15099399934115354, ""sub_key_deriv_ms"": 0.18375499985268107, ""sub_decrypt_ms"": 0.04008599989901995, ""sub_total_crypto_ms"": 0.3782920002777246, ""sub_cpu_process_ms"": 0.391685, ""sub_peak_memory_bytes"": 2325}"
1774772510.540358,publisher,ASCON-128a (ascon-c) (Byte Stream),86,,0.28257099984330125,115,64,5.6906,27516.0,...s....ai.SEL_421_SubCFG/LLN0$GO$PIOC...SEL_421_SubCFG/LLN0$PIOC.SEL_421_Sub.i...M...........,"{""pub_key_deriv_ms"": 0.21554600061790552, ""pub_nonce_ms"": 0.0020440002117538825, ""pub_encrypt_ms"": 0.06254800064198207, ""pub_total_crypto_ms"": 0.28257099984330125, ""pub_cpu_process_ms"": 0.297456, ""pub_peak_memory_bytes"": 2514}"
1774772510.5419197,subscriber,ASCON-128a (ascon-c) (Byte Stream),85,0.2654,1.3211,115,,1.2172,23800.0,...s....ai.SEL_421_SubCFG/LLN0$GO$PIOC...SEL_421_SubCFG/LLN0$PIOC.SEL_421_Sub.i...M...........,"{""sub_nonce_check_ms"": 0.005359999704523943, ""sub_key_deriv_ms"": 1.2736019998556003, ""sub_decrypt_ms"": 0.03857299998344388, ""sub_total_crypto_ms"": 1.3211010000304668, ""sub_cpu_process_ms"": 0.66774, ""sub_peak_memory_bytes"": 2550}"
1774772511.54718,subscriber,ASCON-128a (ascon-c) (Byte Stream),86,0.0651,0.2887,115,,5.5701,23800.0,...s....ai.SEL_421_SubCFG/LLN0$GO$PIOC...SEL_421_SubCFG/LLN0$PIOC.SEL_421_Sub.i...N...........,"{""sub_nonce_check_ms"": 0.004849000106332824, ""sub_key_deriv_ms"": 0.23189700004877523, ""sub_decrypt_ms"": 0.048351000259572174, ""sub_total_crypto_ms"": 0.2886829997805762, ""sub_cpu_process_ms"": 0.302596, ""sub_peak_memory_bytes"": 2325}"
1774772511.5567062,publisher,ASCON-128a (ascon-c) (Byte Stream),87,,0.2916389994425117,115,64,5.5137,27516.0,...s....ai.SEL_421_SubCFG/LLN0$GO$PIOC...SEL_421_SubCFG/LLN0$PIOC.SEL_421_Sub.i...N...........,"{""pub_key_deriv_ms"": 0.23028300074656727, ""pub_nonce_ms"": 0.001883000550151337, ""pub_encrypt_ms"": 0.05686700023943558, ""pub_total_crypto_ms"": 0.2916389994425117, ""pub_cpu_process_ms"": 0.307415, ""pub_peak_memory_bytes"": 2289}"
1774772512.5593362,publisher,ASCON-128a (ascon-c) (Byte Stream),88,,0.2943129993582261,115,64,5.4636,27516.0,...s....ai.SEL_421_SubCFG/LLN0$GO$PIOC...SEL_421_SubCFG/LLN0$PIOC.SEL_421_Sub.i...O...........,"{""pub_key_deriv_ms"": 0.2340400005778065, ""pub_nonce_ms"": 0.0017239999579032883, ""pub_encrypt_ms"": 0.056136000239348505, ""pub_total_crypto_ms"": 0.2943129993582261, ""pub_cpu_process_ms"": 0.309198, ""pub_peak_memory_bytes"": 2289}"
1774772512.561694,subscriber,ASCON-128a (ascon-c) (Byte Stream),87,0.2947,0.2949,115,,5.4519,23800.0,...s....ai.SEL_421_SubCFG/LLN0$GO$PIOC...SEL_421_SubCFG/LLN0$PIOC.SEL_421_Sub.i...O...........,"{""sub_nonce_check_ms"": 0.005930999577685725, ""sub_key_deriv_ms"": 0.22615499983658083, ""sub_decrypt_ms"": 0.05853099992236821, ""sub_total_crypto_ms"": 0.2949449999505305, ""sub_cpu_process_ms"": 0.312184, ""sub_peak_memory_bytes"": 2325}"
1774772513.560318,publisher,ASCON-128a (ascon-c) (Byte Stream),89,,0.33102199995482806,115,64,4.8577,27516.0,...s....ai.SEL_421_SubCFG/LLN0$GO$PIOC...SEL_421_SubCFG/LLN0$PIOC.SEL_421_Sub.i...P...........,"{""pub_key_deriv_ms"": 0.2645980002853321, ""pub_nonce_ms"": 0.0024649998522363603, ""pub_encrypt_ms"": 0.060835000113002025, ""pub_total_crypto_ms"": 0.33102199995482806, ""pub_cpu_process_ms"": 0.348102, ""pub_peak_memory_bytes"": 2289}"
1774772513.5609853,subscriber,ASCON-128a (ascon-c) (Byte Stream),88,0.3099,0.3829,115,,4.1991,23800.0,...s....ai.SEL_421_SubCFG/LLN0$GO$PIOC...SEL_421_SubCFG/LLN0$PIOC.SEL_421_Sub.i...P...........,"{""sub_nonce_check_ms"": 0.005479999344970565, ""sub_key_deriv_ms"": 0.33532099951116834, ""sub_decrypt_ms"": 0.039073000152711757, ""sub_total_crypto_ms"": 0.3829400002359762, ""sub_cpu_process_ms"": 0.396825, ""sub_peak_memory_bytes"": 2325}"
1774772514.5616457,publisher,ASCON-128a (ascon-c) (Byte Stream),90,,0.2827020007316605,115,64,5.6880,27516.0,...s....ai.SEL_421_SubCFG/LLN0$GO$PIOC...SEL_421_SubCFG/LLN0$PIOC.SEL_421_Sub.i...Q...........,"{""pub_key_deriv_ms"": 0.21071700030006468, ""pub_nonce_ms"": 0.0016539997886866331, ""pub_encrypt_ms"": 0.06772800043108873, ""pub_total_crypto_ms"": 0.2827020007316605, ""pub_cpu_process_ms"": 0.297876, ""pub_peak_memory_bytes"": 2289}"
1774772514.562443,subscriber,ASCON-128a (ascon-c) (Byte Stream),89,0.3135,0.5203,115,,3.0907,23800.0,...s....ai.SEL_421_SubCFG/LLN0$GO$PIOC...SEL_421_SubCFG/LLN0$PIOC.SEL_421_Sub.i...Q...........,"{""sub_nonce_check_ms"": 0.006272000064200256, ""sub_key_deriv_ms"": 0.26978799996868474, ""sub_decrypt_ms"": 0.23908000002847984, ""sub_total_crypto_ms"": 0.5202689999350696, ""sub_cpu_process_ms"": 0.53602, ""sub_peak_memory_bytes"": 2325}"
1774772515.5641768,publisher,ASCON-128a (ascon-c) (Byte Stream),91,,0.33044199972209753,115,64,4.8662,27516.0,...s....ai.SEL_421_SubCFG/LLN0$GO$PIOC...SEL_421_SubCFG/LLN0$PIOC.SEL_421_Sub.i...R...........,"{""pub_key_deriv_ms"": 0.2611620002426207, ""pub_nonce_ms"": 0.002425000275252387, ""pub_encrypt_ms"": 0.06372999996528961, ""pub_total_crypto_ms"": 0.33044199972209753, ""pub_cpu_process_ms"": 0.348864, ""pub_peak_memory_bytes"": 2289}"
1774772515.564521,subscriber,ASCON-128a (ascon-c) (Byte Stream),90,0.3803,0.3364,115,,4.7794,23800.0,...s....ai.SEL_421_SubCFG/LLN0$GO$PIOC...SEL_421_SubCFG/LLN0$PIOC.SEL_421_Sub.i...R...........,"{""sub_nonce_check_ms"": 0.007003000064287335, ""sub_key_deriv_ms"": 0.2678540004126262, ""sub_decrypt_ms"": 0.05649699960486032, ""sub_total_crypto_ms"": 0.3364429994689999, ""sub_cpu_process_ms"": 0.357891, ""sub_peak_memory_bytes"": 2325}"
1774772516.5661106,publisher,ASCON-128a (ascon-c) (Byte Stream),92,,0.3196119996573543,115,64,5.0311,27516.0,...s....ai.SEL_421_SubCFG/LLN0$GO$PIOC...SEL_421_SubCFG/LLN0$PIOC.SEL_421_Sub.i...S...........,"{""pub_key_deriv_ms"": 0.21128800017322646, ""pub_nonce_ms"": 0.0017330003174720332, ""pub_encrypt_ms"": 0.10349399963160977, ""pub_total_crypto_ms"": 0.3196119996573543, ""pub_cpu_process_ms"": 0.335398, ""pub_peak_memory_bytes"": 2289}"
1774772516.5665603,subscriber,ASCON-128a (ascon-c) (Byte Stream),91,0.3703,0.3158,115,,5.0911,23800.0,...s....ai.SEL_421_SubCFG/LLN0$GO$PIOC...SEL_421_SubCFG/LLN0$PIOC.SEL_421_Sub.i...S...........,"{""sub_nonce_check_ms"": 0.00642200029687956, ""sub_key_deriv_ms"": 0.2713309995669988, ""sub_decrypt_ms"": 0.03508600002533058, ""sub_total_crypto_ms"": 0.3158449999318691, ""sub_cpu_process_ms"": 0.332392, ""sub_peak_memory_bytes"": 2325}"
1774772517.5682838,publisher,ASCON-128a (ascon-c) (Byte Stream),93,,0.3842329997496563,115,64,4.1850,27516.0,...s....ai.SEL_421_SubCFG/LLN0$GO$PIOC...SEL_421_SubCFG/LLN0$PIOC.SEL_421_Sub.i...T...........,"{""pub_key_deriv_ms"": 0.2828619999490911, ""pub_nonce_ms"": 0.0028660006137215532, ""pub_encrypt_ms"": 0.0943770000958466, ""pub_total_crypto_ms"": 0.3842329997496563, ""pub_cpu_process_ms"": 0.406884, ""pub_peak_memory_bytes"": 2289}"
1774772517.5703356,subscriber,ASCON-128a (ascon-c) (Byte Stream),92,0.3958,0.2550,115,,6.3069,23800.0,...s....ai.SEL_421_SubCFG/LLN0$GO$PIOC...SEL_421_SubCFG/LLN0$PIOC.SEL_421_Sub.i...T...........,"{""sub_nonce_check_ms"": 0.005780999345006421, ""sub_key_deriv_ms"": 0.20091800070076715, ""sub_decrypt_ms"": 0.04468399947654689, ""sub_total_crypto_ms"": 0.2549600003476371, ""sub_cpu_process_ms"": 0.270595, ""sub_peak_memory_bytes"": 2325}"
1774772518.5702338,publisher,ASCON-128a (ascon-c) (Byte Stream),94,,0.5221920000622049,115,64,3.0793,27516.0,...s....ai.SEL_421_SubCFG/LLN0$GO$PIOC...SEL_421_SubCFG/LLN0$PIOC.SEL_421_Sub.i...U...........,"{""pub_key_deriv_ms"": 0.4717170004369109, ""pub_nonce_ms"": 0.0022340000214171596, ""pub_encrypt_ms"": 0.04558599994197721, ""pub_total_crypto_ms"": 0.5221920000622049, ""pub_cpu_process_ms"": 0.541821, ""pub_peak_memory_bytes"": 2289}"
1774772518.5720768,subscriber,ASCON-128a (ascon-c) (Byte Stream),93,0.3092,0.2248,115,,7.1529,23800.0,...s....ai.SEL_421_SubCFG/LLN0$GO$PIOC...SEL_421_SubCFG/LLN0$PIOC.SEL_421_Sub.i...U...........,"{""sub_nonce_check_ms"": 0.004528000317804981, ""sub_key_deriv_ms"": 0.1774440006556688, ""sub_decrypt_ms"": 0.03945399930671556, ""sub_total_crypto_ms"": 0.224803000492102, ""sub_cpu_process_ms"": 0.238053, ""sub_peak_memory_bytes"": 2325}"
1774772519.5734107,publisher,ASCON-128a (ascon-c) (Byte Stream),95,,0.2731539998421795,115,64,5.8868,27516.0,...s....ai.SEL_421_SubCFG/LLN0$GO$PIOC...SEL_421_SubCFG/LLN0$PIOC.SEL_421_Sub.i...V...........,"{""pub_key_deriv_ms"": 0.20456499987631105, ""pub_nonce_ms"": 0.0016730000425013714, ""pub_encrypt_ms"": 0.06407000000763219, ""pub_total_crypto_ms"": 0.2731539998421795, ""pub_cpu_process_ms"": 0.287547, ""pub_peak_memory_bytes"": 2289}"
1774772519.5742323,subscriber,ASCON-128a (ascon-c) (Byte Stream),94,0.2358,0.6231,115,,2.5806,23800.0,...s....ai.SEL_421_SubCFG/LLN0$GO$PIOC...SEL_421_SubCFG/LLN0$PIOC.SEL_421_Sub.i...V...........,"{""sub_nonce_check_ms"": 0.005300000339047983, ""sub_key_deriv_ms"": 0.5765249998148647, ""sub_decrypt_ms"": 0.03795200063905213, ""sub_total_crypto_ms"": 0.6231119996300549, ""sub_cpu_process_ms"": 0.638624, ""sub_peak_memory_bytes"": 2325}"
1774772520.5750113,publisher,ASCON-128a (ascon-c) (Byte Stream),96,,0.31945099999575177,115,64,5.0336,27516.0,...s....ai.SEL_421_SubCFG/LLN0$GO$PIOC...SEL_421_SubCFG/LLN0$PIOC.SEL_421_Sub.i...W...........,"{""pub_key_deriv_ms"": 0.23119500019674888, ""pub_nonce_ms"": 0.0018529999579186551, ""pub_encrypt_ms"": 0.08334600079251686, ""pub_total_crypto_ms"": 0.31945099999575177, ""pub_cpu_process_ms"": 0.33664, ""pub_peak_memory_bytes"": 2289}"
1774772520.5757072,subscriber,ASCON-128a (ascon-c) (Byte Stream),95,0.4401,0.2619,115,,6.1406,23800.0,...s....ai.SEL_421_SubCFG/LLN0$GO$PIOC...SEL_421_SubCFG/LLN0$PIOC.SEL_421_Sub.i...W...........,"{""sub_nonce_check_ms"": 0.005059999239165336, ""sub_key_deriv_ms"": 0.20698899970739149, ""sub_decrypt_ms"": 0.04630700004781829, ""sub_total_crypto_ms"": 0.26186200011579785, ""sub_cpu_process_ms"": 0.277688, ""sub_peak_memory_bytes"": 2325}"
1774772521.5770242,publisher,ASCON-128a (ascon-c) (Byte Stream),97,,0.36725100017065415,115,64,4.3785,27516.0,...s....ai.SEL_421_SubCFG/LLN0$GO$PIOC...SEL_421_SubCFG/LLN0$PIOC.SEL_421_Sub.i...X...........,"{""pub_key_deriv_ms"": 0.22732799970981432, ""pub_nonce_ms"": 0.001964000148291234, ""pub_encrypt_ms"": 0.13500400018529035, ""pub_total_crypto_ms"": 0.36725100017065415, ""pub_cpu_process_ms"": 0.382678, ""pub_peak_memory_bytes"": 2289}"
1774772521.5776627,subscriber,ASCON-128a (ascon-c) (Byte Stream),96,0.4301,0.2915,115,,5.5171,23800.0,...s....ai.SEL_421_SubCFG/LLN0$GO$PIOC...SEL_421_SubCFG/LLN0$PIOC.SEL_421_Sub.i...X...........,"{""sub_nonce_check_ms"": 0.0055199998314492404, ""sub_key_deriv_ms"": 0.22917200021765893, ""sub_decrypt_ms"": 0.05297999996400904, ""sub_total_crypto_ms"": 0.2914590004365891, ""sub_cpu_process_ms"": 0.306292, ""sub_peak_memory_bytes"": 2325}"
1774772522.5794919,publisher,ASCON-128a (ascon-c) (Byte Stream),98,,0.23989100009202957,115,64,6.7030,27516.0,...s....ai.SEL_421_SubCFG/LLN0$GO$PIOC...SEL_421_SubCFG/LLN0$PIOC.SEL_421_Sub.i...Y...........,"{""pub_key_deriv_ms"": 0.18977699983224738, ""pub_nonce_ms"": 0.0013429998944047838, ""pub_encrypt_ms"": 0.04592599998431979, ""pub_total_crypto_ms"": 0.23989100009202957, ""pub_cpu_process_ms"": 0.253642, ""pub_peak_memory_bytes"": 2289}"
1774772522.581402,subscriber,ASCON-128a (ascon-c) (Byte Stream),97,0.2451,1.6715,115,,0.9620,23800.0,...s....ai.SEL_421_SubCFG/LLN0$GO$PIOC...SEL_421_SubCFG/LLN0$PIOC.SEL_421_Sub.i...Y...........,"{""sub_nonce_check_ms"": 0.0054210004236665554, ""sub_key_deriv_ms"": 1.6082970005300012, ""sub_decrypt_ms"": 0.05341099949873751, ""sub_total_crypto_ms"": 1.6714850007701898, ""sub_cpu_process_ms"": 1.686197, ""sub_peak_memory_bytes"": 2325}"
1774772523.5813916,publisher,ASCON-128a (ascon-c) (Byte Stream),99,,0.5702130001736805,115,64,2.8200,27516.0,...s....ai.SEL_421_SubCFG/LLN0$GO$PIOC...SEL_421_SubCFG/LLN0$PIOC.SEL_421_Sub.i...Z...........,"{""pub_key_deriv_ms"": 0.25976899996749125, ""pub_nonce_ms"": 0.0022639997041551396, ""pub_encrypt_ms"": 0.3045029998247628, ""pub_total_crypto_ms"": 0.5702130001736805, ""pub_cpu_process_ms"": 0.586335, ""pub_peak_memory_bytes"": 2289}"
1774772523.58204,subscriber,ASCON-128a (ascon-c) (Byte Stream),98,0.2503,0.4179,115,,3.8482,23800.0,...s....ai.SEL_421_SubCFG/LLN0$GO$PIOC...SEL_421_SubCFG/LLN0$PIOC.SEL_421_Sub.i...Z...........,"{""sub_nonce_check_ms"": 0.005750999662268441, ""sub_key_deriv_ms"": 0.3748660001292592, ""sub_decrypt_ms"": 0.034233999940624926, ""sub_total_crypto_ms"": 0.4178560002401355, ""sub_cpu_process_ms"": 0.432823, ""sub_peak_memory_bytes"": 2325}"
1774772524.5827906,publisher,ASCON-128a (ascon-c) (Byte Stream),100,,0.4870470002060756,115,64,3.3015,27516.0,...s....ai.SEL_421_SubCFG/LLN0$GO$PIOC...SEL_421_SubCFG/LLN0$PIOC.SEL_421_Sub.i...[...........,"{""pub_key_deriv_ms"": 0.3356520001034369, ""pub_nonce_ms"": 0.004257999535184354, ""pub_encrypt_ms"": 0.14340999950945843, ""pub_total_crypto_ms"": 0.4870470002060756, ""pub_cpu_process_ms"": 0.506663, ""pub_peak_memory_bytes"": 2289}"
1774772524.5846744,subscriber,ASCON-128a (ascon-c) (Byte Stream),99,0.2449,0.2846,115,,5.6509,23800.0,...s....ai.SEL_421_SubCFG/LLN0$GO$PIOC...SEL_421_SubCFG/LLN0$PIOC.SEL_421_Sub.i...[...........,"{""sub_nonce_check_ms"": 0.005661000614054501, ""sub_key_deriv_ms"": 0.22709800032316707, ""sub_decrypt_ms"": 0.04792100025952095, ""sub_total_crypto_ms"": 0.2845560002242564, ""sub_cpu_process_ms"": 0.300371, ""sub_peak_memory_bytes"": 2325}"
